t_rel,model_1_arrivals,model_1_running,model_1_queue,model_1_tokens,model_1_token_usage,model_1_gen_tps,model_1_prefill_tok,model_4_arrivals,model_4_running,model_4_queue,model_4_tokens,model_4_token_usage,model_4_gen_tps,model_4_prefill_tok,model_5_arrivals,model_5_running,model_5_queue,model_5_tokens,model_5_token_usage,model_5_gen_tps,model_5_prefill_tok,gpu0_sched_qlen,gpu0_mem_mib,gpu0_util,gpu1_sched_qlen,gpu1_mem_mib,gpu1_util,ctrl_actions
-13.0,,,,,,,,,,,,,,,,,,,,,,0,,,,,,
-12.0,,,,,,,,,,,,,,,,,,,,,,0,,,,,,
-11.0,,,,,,,,,,,,,,,,,,,,,,0,,,,,,
-10.0,,,,,,,,,,,,,,,,,,,,,,0,,,,,,
-9.0,,,,,,,,,,,,,,,,,,,,,,0,,,,,,
-8.0,,,,,,,,,,,,,,,,,,,,,,0,,,,,,
-7.0,,,,,,,,,,,,,,,,,,,,,,0,,,,,,
-5.0,,,,,,,,,,,,,,,,,,,,,,0,,,,,,
-4.0,,,,,,,,,,,,,,,,,,,,,,0,,,,,,
-3.0,,,,,,,,,,,,,,,,,,,,,,0,,,,,,
-2.0,,,,,,,,,,,,,,,,,,,,,,0,,,0,,,
-1.0,,,,,,,,,,,,,,,,,,,,,,0,19607.0,0.0,0,35969.0,0.0,
0.0,1.0,0.0,0.0,,0.03,,7.0,1.0,0.0,0.0,,0.03,,7.0,1.0,0.0,0.0,,0.03,,7.0,0,,,0,,,
1.0,1.0,0.0,0.0,,0.03,,721.0,,,,,,,,,,,,,,,0,19777.0,0.0,0,36309.0,0.0,
2.0,6.0,6.0,0.0,5905.0,0.03,2.28,314.0,,,,,,,,1.0,0.0,0.0,,0.03,,58.0,0,,,0,,,
3.0,7.0,12.0,0.0,6452.0,0.04,372.16,2118.0,1.0,0.0,0.0,,0.03,,668.0,,1.0,0.0,5211.0,0.03,1.48,,0,20137.0,81.0,0,36409.0,99.0,
4.0,12.0,16.0,0.0,9565.0,0.04,417.29,2494.0,,1.0,0.0,5821.0,0.03,1.41,,,1.0,0.0,5251.0,0.03,36.9,,0,,,,,,
5.0,14.0,27.0,0.0,8318.0,0.06,831.25,4299.0,,1.0,0.0,5861.0,0.03,34.22,,1.0,1.0,0.0,5291.0,0.03,34.22,724.0,0,20717.0,78.0,0,36509.0,99.0,
6.0,12.0,32.0,0.0,11072.0,0.06,827.48,2379.0,,1.0,0.0,5901.0,0.03,35.84,,,1.0,0.0,5331.0,0.03,41.21,,0,,,0,,,
7.0,9.0,34.0,0.0,13335.0,0.06,1197.4,1438.0,,1.0,0.0,5941.0,0.03,34.7,,1.0,1.0,0.0,5371.0,0.03,34.22,20.0,0,20973.0,79.0,0,36509.0,96.0,
8.0,3.0,30.0,0.0,14023.0,0.06,1824.75,1055.0,,1.0,0.0,5981.0,0.03,35.47,,,2.0,0.0,5464.0,0.03,62.91,,0,,,0,,,
9.0,7.0,34.0,0.0,14191.0,0.07,1777.33,688.0,,1.0,0.0,6021.0,0.03,36.17,,1.0,2.0,0.0,,0.03,,23.0,0,,,0,,,
10.0,7.0,33.0,0.0,14654.0,0.07,1818.77,734.0,1.0,1.0,0.0,,0.03,,15.0,,3.0,0.0,5600.0,0.03,97.82,,0,21101.0,79.0,0,36509.0,87.0,
11.0,12.0,37.0,0.0,14853.0,0.07,1715.64,1979.0,,2.0,0.0,6087.0,0.03,42.48,,2.0,4.0,0.0,6387.0,0.03,97.6,951.0,0,,,0,,,
12.0,10.0,37.0,0.0,15290.0,0.07,1498.93,2012.0,,2.0,0.0,6167.0,0.03,65.23,,,4.0,0.0,6547.0,0.03,139.69,,0,21229.0,72.0,0,36767.0,72.0,
13.0,4.0,36.0,0.0,15367.0,0.07,1981.29,823.0,,2.0,0.0,6247.0,0.03,70.32,,,3.0,0.0,6256.0,0.03,127.34,,0,,,0,,,
14.0,12.0,40.0,0.0,16060.0,0.09,2117.41,2727.0,2.0,2.0,0.0,6327.0,0.03,65.83,793.0,3.0,4.0,0.0,,0.03,,1175.0,0,21327.0,79.0,0,36809.0,90.0,
15.0,10.0,48.0,0.0,18098.0,0.1,1409.73,1689.0,,3.0,0.0,6485.0,0.03,95.84,,2.0,5.0,0.0,6409.0,0.03,106.66,657.0,0,,,0,,,
16.0,7.0,51.0,0.0,21417.0,0.1,1666.68,1393.0,2.0,4.0,0.0,,0.03,,430.0,1.0,7.0,0.0,7424.0,0.04,157.05,150.0,0,21997.0,84.0,0,36979.0,99.0,
17.0,5.0,44.0,0.0,20194.0,0.1,2019.7,1846.0,,4.0,0.0,6960.0,0.03,116.0,,1.0,7.0,0.0,7704.0,0.04,235.2,25.0,0,,,0,,,
18.0,10.0,47.0,0.0,20890.0,0.1,1824.42,1752.0,,3.0,0.0,6644.0,0.03,130.62,,2.0,8.0,0.0,7438.0,0.04,243.02,46.0,0,22053.0,91.0,0,36979.0,99.0,
19.0,5.0,42.0,0.0,20106.0,0.1,1777.86,1052.0,2.0,4.0,0.0,6900.0,0.03,109.4,415.0,,,,,,,,0,,,0,,,
20.0,8.0,34.0,0.0,19438.0,0.09,1928.46,1218.0,,3.0,0.0,6903.0,0.03,143.27,,,8.0,0.0,7619.0,0.04,289.01,,0,22053.0,91.0,0,37107.0,99.0,
21.0,10.0,36.0,0.0,18216.0,0.09,1692.78,1275.0,1.0,3.0,0.0,,0.03,,40.0,,7.0,0.0,7623.0,0.04,248.8,,0,,,0,,,
22.0,9.0,35.0,0.0,16360.0,0.08,1801.87,1275.0,1.0,4.0,0.0,7092.0,0.04,122.24,22.0,,6.0,0.0,7447.0,0.04,232.69,,0,22053.0,87.0,0,37107.0,98.0,
23.0,6.0,32.0,0.0,16840.0,0.08,1701.02,910.0,,5.0,0.0,7290.0,0.04,143.93,,,6.0,0.0,7687.0,0.04,201.69,,0,,,0,,,
24.0,9.0,37.0,0.0,18061.0,0.09,1736.86,2264.0,2.0,5.0,0.0,7200.0,0.04,146.49,267.0,,6.0,0.0,7927.0,0.04,208.02,,0,,,0,,,
25.0,8.0,33.0,0.0,17869.0,0.09,1679.85,2863.0,,5.0,0.0,7400.0,0.04,164.31,,,5.0,0.0,7554.0,0.04,188.86,,0,22053.0,87.0,0,37107.0,92.0,
26.0,8.0,32.0,0.0,18865.0,0.09,1322.21,3730.0,1.0,6.0,0.0,7629.0,0.04,181.67,15.0,,,,,,,,0,,,0,,,
27.0,9.0,32.0,0.0,18459.0,0.08,1373.63,1852.0,,,,,,,,,2.0,0.0,5781.0,0.03,118.92,,0,22053.0,83.0,0,37107.0,77.0,
28.0,10.0,26.0,0.0,13937.0,0.07,1427.35,2463.0,,5.0,0.0,6368.0,0.03,172.83,,,1.0,0.0,5480.0,0.03,54.92,,0,,,0,,,
29.0,5.0,26.0,0.0,14419.0,0.07,1256.32,674.0,,4.0,0.0,6402.0,0.03,139.1,,,1.0,0.0,5520.0,0.03,34.31,,0,22053.0,86.0,0,37107.0,99.0,
30.0,6.0,28.0,0.0,15598.0,0.07,1449.25,600.0,2.0,4.0,0.0,6948.0,0.03,135.45,288.0,,1.0,0.0,5560.0,0.03,35.13,,0,,,0,,,
31.0,7.0,28.0,0.0,14692.0,0.08,1491.1,2523.0,1.0,6.0,0.0,7468.0,0.04,151.27,63.0,1.0,1.0,0.0,7239.0,0.04,41.57,60.0,0,22053.0,92.0,0,37107.0,100.0,
32.0,6.0,27.0,0.0,17959.0,0.09,1145.13,2288.0,,5.0,0.0,7372.0,0.04,258.33,,,,,,,,,0,,,0,,,
33.0,12.0,34.0,0.0,17173.0,0.09,1311.89,2334.0,,2.0,0.0,6516.0,0.03,173.38,,,,,,,,,0,22053.0,91.0,0,37107.0,87.0,
34.0,11.0,35.0,0.0,20255.0,0.09,1139.35,3304.0,2.0,3.0,0.0,6650.0,0.03,185.53,731.0,,,,,,,,0,,,0,,,
35.0,14.0,42.0,0.0,20494.0,0.09,1436.22,2283.0,,2.0,0.0,6502.0,0.03,170.32,,2.0,1.0,0.0,,0.04,,917.0,0,22053.0,89.0,0,37107.0,98.0,
36.0,5.0,40.0,0.0,20512.0,0.1,2417.29,353.0,,2.0,0.0,6582.0,0.03,78.93,,,2.0,0.0,8105.0,0.04,9.94,,0,,,0,,,
37.0,9.0,42.0,0.0,20718.0,0.1,1774.08,1987.0,,1.0,0.0,6318.0,0.03,56.36,,,1.0,0.0,7760.0,0.04,48.14,,0,22053.0,91.0,0,37107.0,99.0,
38.0,14.0,47.0,0.0,,0.1,,2549.0,,1.0,0.0,6358.0,0.03,32.26,,,1.0,0.0,7800.0,0.04,32.99,,0,,,0,,,
39.0,5.0,44.0,0.0,19842.0,0.1,2258.28,231.0,,1.0,0.0,6398.0,0.03,35.24,,1.0,1.0,0.0,7840.0,0.04,35.23,74.0,0,22053.0,92.0,0,37107.0,98.0,
40.0,9.0,43.0,0.0,20113.0,0.1,1816.13,2685.0,1.0,2.0,0.0,6453.0,0.03,36.7,12.0,,2.0,0.0,7992.0,0.04,65.8,,0,,,0,,,
41.0,5.0,40.0,0.0,19359.0,0.09,1829.51,717.0,,2.0,0.0,6533.0,0.03,70.96,,,2.0,0.0,8072.0,0.04,70.13,,0,,,0,,,
42.0,7.0,40.0,0.0,20675.0,0.1,1562.85,2846.0,,,,,,,,,,,,,,,0,22053.0,92.0,0,37107.0,99.0,
43.0,5.0,39.0,0.0,20080.0,0.1,2458.01,83.0,1.0,2.0,0.0,6613.0,0.03,66.81,395.0,,2.0,0.0,8152.0,0.04,66.8,,0,,,0,,,
44.0,6.0,36.0,0.0,19593.0,0.09,1905.57,231.0,,3.0,0.0,6693.0,0.03,82.13,,1.0,2.0,0.0,7208.0,0.04,69.95,316.0,0,22053.0,89.0,0,37107.0,99.0,
45.0,8.0,40.0,0.0,19280.0,0.09,1879.2,1841.0,,2.0,0.0,6773.0,0.03,71.63,,,2.0,0.0,7288.0,0.04,73.3,,0,,,0,,,
46.0,9.0,41.0,0.0,16980.0,0.08,1870.95,902.0,1.0,3.0,0.0,7192.0,0.04,68.97,332.0,,1.0,0.0,7056.0,0.03,46.61,,0,22053.0,69.0,0,37107.0,77.0,
47.0,5.0,38.0,0.0,17553.0,0.09,1945.03,1960.0,,2.0,0.0,7057.0,0.03,76.43,,2.0,3.0,0.0,7485.0,0.04,46.15,371.0,0,,,0,,,
48.0,7.0,35.0,0.0,16646.0,0.08,2001.58,546.0,1.0,2.0,0.0,,0.03,,65.0,,,,,,,,0,22053.0,90.0,0,37107.0,91.0,
49.0,5.0,33.0,0.0,17043.0,0.08,1671.13,1399.0,1.0,3.0,0.0,7205.0,0.04,68.27,521.0,1.0,2.0,0.0,7194.0,0.04,99.59,380.0,0,,,0,,,
50.0,6.0,24.0,0.0,14845.0,0.07,1270.14,2461.0,1.0,3.0,0.0,7865.0,0.04,112.5,278.0,1.0,1.0,0.0,7274.0,0.04,77.99,54.0,0,22053.0,91.0,0,37107.0,94.0,
51.0,14.0,36.0,0.0,,0.08,,3323.0,,4.0,0.0,7745.0,0.04,107.69,,,2.0,0.0,7295.0,0.04,56.12,,0,,,0,,,
52.0,7.0,32.0,0.0,17508.0,0.08,956.14,1044.0,1.0,3.0,0.0,,0.04,,484.0,2.0,3.0,0.0,,0.04,,794.0,0,22053.0,73.0,0,37107.0,91.0,
53.0,3.0,31.0,0.0,15090.0,0.07,1795.34,473.0,1.0,3.0,0.0,7530.0,0.04,89.0,492.0,,3.0,0.0,7419.0,0.04,66.54,,0,,,0,,,
54.0,5.0,28.0,0.0,13262.0,0.08,1532.5,483.0,,4.0,0.0,8158.0,0.04,109.73,,,3.0,0.0,7539.0,0.04,98.84,,0,22053.0,91.0,0,37107.0,99.0,
55.0,7.0,27.0,0.0,14748.0,0.07,1519.91,588.0,,1.0,0.0,6918.0,0.03,70.22,,1.0,2.0,0.0,6467.0,0.03,88.75,333.0,0,,,0,,,
56.0,10.0,30.0,0.0,16583.0,0.08,1181.17,2278.0,1.0,0.0,0.0,,0.04,,242.0,,2.0,0.0,6547.0,0.03,84.88,,0,22053.0,90.0,0,37107.0,95.0,
57.0,7.0,30.0,0.0,16484.0,0.08,1434.96,1113.0,1.0,1.0,0.0,7426.0,0.04,25.6,13.0,,1.0,0.0,6348.0,0.03,41.51,,0,,,0,,,
58.0,6.0,24.0,0.0,18120.0,0.08,1290.59,1844.0,1.0,2.0,0.0,7590.0,0.04,135.28,295.0,,,,,,,,0,,,0,,,
59.0,5.0,23.0,0.0,15149.0,0.08,1321.35,1177.0,,2.0,0.0,7670.0,0.04,124.81,,2.0,1.0,0.0,,0.04,,66.0,0,22053.0,91.0,0,37107.0,84.0,
60.0,11.0,32.0,0.0,16408.0,0.09,1110.18,1841.0,,1.0,0.0,7332.0,0.04,45.78,,2.0,3.0,0.0,7271.0,0.04,22.76,617.0,0,,,0,,,
61.0,13.0,38.0,0.0,18259.0,0.1,1306.87,2651.0,,,,,,,,,3.0,0.0,7669.0,0.04,203.8,,0,22053.0,92.0,0,37107.0,77.0,
62.0,8.0,36.0,0.0,19860.0,0.1,1893.84,1872.0,,,,,,,,,2.0,0.0,7591.0,0.04,149.34,,0,,,0,,,
63.0,6.0,36.0,0.0,19130.0,0.09,1685.45,554.0,,,,,,,,1.0,2.0,0.0,7671.0,0.04,130.14,413.0,0,22053.0,73.0,0,37107.0,70.0,
64.0,12.0,38.0,0.0,18920.0,0.1,1766.15,1957.0,,,,,,,,,3.0,0.0,6942.0,0.03,199.9,,0,,,0,,,
65.0,6.0,39.0,0.0,22307.0,0.11,1586.01,1330.0,1.0,0.0,0.0,,0.04,,87.0,,2.0,0.0,7022.0,0.03,142.24,,0,22053.0,71.0,0,37107.0,87.0,
66.0,6.0,34.0,0.0,21492.0,0.1,1755.97,1657.0,,1.0,0.0,7278.0,0.04,7.05,,,2.0,0.0,7102.0,0.03,87.65,,0,,,0,,,
67.0,14.0,44.0,0.0,22060.0,0.11,1347.29,2521.0,,1.0,0.0,7318.0,0.04,34.15,,,1.0,0.0,6753.0,0.03,36.71,,0,22053.0,89.0,0,37107.0,98.0,
68.0,9.0,42.0,0.0,,0.1,,2083.0,,1.0,0.0,7358.0,0.04,33.98,,,1.0,0.0,6793.0,0.03,33.95,,0,,,0,,,
69.0,6.0,43.0,0.0,21658.0,0.11,1848.31,1125.0,,1.0,0.0,7398.0,0.04,34.72,,,1.0,0.0,6833.0,0.03,34.81,,0,22053.0,92.0,0,37107.0,99.0,
70.0,9.0,51.0,0.0,,0.12,,2898.0,,1.0,0.0,7438.0,0.04,33.64,,,1.0,0.0,6873.0,0.03,34.4,,0,,,0,,,
71.0,4.0,38.0,0.0,17917.0,0.09,2039.39,1053.0,1.0,1.0,0.0,,0.04,,305.0,,,,,,,,0,22309.0,91.0,0,37107.0,99.0,
72.0,6.0,34.0,0.0,17197.0,0.08,1954.48,404.0,1.0,2.0,0.0,7496.0,0.04,38.2,14.0,,1.0,0.0,6913.0,0.03,34.95,,0,,,0,,,
73.0,8.0,29.0,0.0,17717.0,0.08,1416.6,2563.0,,2.0,0.0,7576.0,0.04,69.67,,2.0,2.0,0.0,6953.0,0.04,35.24,548.0,0,22387.0,91.0,0,37107.0,100.0,
74.0,9.0,30.0,0.0,16673.0,0.08,1467.59,1994.0,2.0,3.0,0.0,7915.0,0.04,75.56,267.0,,2.0,0.0,7288.0,0.04,65.3,,0,,,0,,,
75.0,4.0,29.0,0.0,17352.0,0.09,1677.5,596.0,1.0,4.0,0.0,7474.0,0.04,104.4,703.0,,2.0,0.0,7368.0,0.04,71.59,,0,,,0,,,
76.0,6.0,31.0,0.0,19555.0,0.1,1144.43,2996.0,1.0,4.0,0.0,,0.04,,242.0,,2.0,0.0,7448.0,0.04,64.93,,0,22387.0,91.0,0,37107.0,99.0,
77.0,6.0,28.0,0.0,17823.0,0.08,1781.08,96.0,,4.0,0.0,7151.0,0.03,145.81,,1.0,2.0,0.0,7656.0,0.04,41.64,71.0,0,,,0,,,
78.0,5.0,29.0,0.0,18178.0,0.09,1388.39,1108.0,1.0,3.0,0.0,7005.0,0.03,107.23,537.0,,,,,,,,0,22387.0,91.0,0,37107.0,99.0,
79.0,5.0,26.0,0.0,17020.0,0.08,1553.11,1534.0,,3.0,0.0,7125.0,0.03,105.17,,1.0,3.0,0.0,7777.0,0.04,70.35,38.0,0,,,0,,,
80.0,4.0,24.0,0.0,17147.0,0.08,1174.62,889.0,,2.0,0.0,6947.0,0.03,91.15,,,3.0,0.0,7897.0,0.04,104.75,,0,22387.0,64.0,0,37107.0,98.0,
81.0,8.0,21.0,0.0,18073.0,0.08,1205.74,1170.0,,2.0,0.0,7027.0,0.03,69.62,,,3.0,0.0,8017.0,0.04,100.8,,0,,,0,,,
82.0,10.0,27.0,0.0,17105.0,0.09,1201.83,2929.0,,,,,,,,,3.0,0.0,8137.0,0.04,104.52,,0,22387.0,79.0,0,37107.0,91.0,
83.0,6.0,26.0,0.0,18216.0,0.09,1308.62,888.0,1.0,2.0,0.0,7107.0,0.03,69.77,636.0,,3.0,0.0,7233.0,0.04,104.44,,0,,,0,,,
84.0,10.0,28.0,0.0,17422.0,0.08,1224.24,2244.0,,3.0,0.0,7835.0,0.04,74.13,,1.0,2.0,0.0,,0.03,,738.0,0,22387.0,92.0,0,37107.0,88.0,
85.0,6.0,28.0,0.0,15807.0,0.08,1289.96,1289.0,1.0,4.0,0.0,7981.0,0.04,111.5,15.0,,3.0,0.0,7440.0,0.04,66.82,,0,,,0,,,
86.0,13.0,33.0,0.0,17117.0,0.09,1283.23,4609.0,,4.0,0.0,8141.0,0.04,137.75,,,2.0,0.0,6778.0,0.03,71.81,,0,22387.0,89.0,0,37107.0,98.0,
87.0,6.0,32.0,0.0,18621.0,0.09,1250.33,1159.0,,4.0,0.0,7277.0,0.04,136.17,,,2.0,0.0,6465.0,0.03,65.57,,0,,,0,,,
88.0,14.0,41.0,0.0,18559.0,0.1,1679.92,3511.0,,2.0,0.0,6074.0,0.03,90.2,,,1.0,0.0,6505.0,0.03,35.6,,0,22387.0,89.0,0,37107.0,99.0,
89.0,3.0,35.0,0.0,17259.0,0.09,1446.68,731.0,,,,,,,,,1.0,0.0,6545.0,0.03,35.62,,0,,,0,,,
90.0,5.0,30.0,0.0,16808.0,0.08,1702.65,725.0,,1.0,0.0,6330.0,0.03,36.37,,,1.0,0.0,6585.0,0.03,35.42,,0,,,0,,,
91.0,4.0,27.0,0.0,16624.0,0.08,1328.41,1355.0,1.0,1.0,0.0,6370.0,0.03,35.42,46.0,,,,,,,,0,22387.0,92.0,0,37107.0,98.0,
92.0,11.0,32.0,0.0,17582.0,0.09,1395.46,2386.0,,1.0,0.0,7294.0,0.04,52.96,,1.0,1.0,0.0,7307.0,0.04,22.33,132.0,0,,,0,,,
93.0,16.0,37.0,0.0,20036.0,0.09,1198.48,2794.0,,1.0,0.0,7334.0,0.04,33.83,,,1.0,0.0,7347.0,0.04,33.7,,0,22387.0,89.0,0,37107.0,99.0,
94.0,8.0,37.0,0.0,20753.0,0.11,1800.49,3376.0,,,,,,,,,1.0,0.0,7387.0,0.04,35.75,,0,,,0,,,
95.0,12.0,43.0,0.0,22373.0,0.12,1622.32,3192.0,1.0,1.0,0.0,7374.0,0.04,35.62,11.0,2.0,2.0,0.0,,0.04,,742.0,0,22387.0,92.0,0,37107.0,99.0,
96.0,4.0,35.0,0.0,22842.0,0.11,1385.96,739.0,,2.0,0.0,7448.0,0.04,48.01,,,3.0,0.0,7176.0,0.04,51.96,,0,,,0,,,
97.0,4.0,36.0,0.0,23110.0,0.11,2292.71,445.0,1.0,2.0,0.0,7534.0,0.04,76.74,66.0,2.0,4.0,0.0,7296.0,0.04,106.01,1090.0,0,22387.0,92.0,0,37107.0,98.0,
98.0,6.0,32.0,0.0,22720.0,0.12,1749.03,1480.0,,1.0,0.0,7494.0,0.04,41.41,,,3.0,0.0,6303.0,0.03,120.51,,0,,,0,,,
99.0,12.0,42.0,0.0,23346.0,0.12,1707.48,2274.0,1.0,1.0,0.0,,0.04,,8.0,,3.0,0.0,6423.0,0.03,115.4,,0,22387.0,91.0,0,37107.0,87.0,
100.0,4.0,37.0,0.0,22773.0,0.11,1551.28,1381.0,,,,,,,,,2.0,0.0,5800.0,0.03,147.58,,0,,,0,,,
101.0,10.0,36.0,0.0,21826.0,0.1,1989.95,1903.0,1.0,1.0,0.0,7637.0,0.04,16.17,463.0,,1.0,0.0,5381.0,0.03,74.36,,0,22387.0,83.0,0,37107.0,89.0,
102.0,8.0,37.0,0.0,19710.0,0.1,1875.27,2582.0,,1.0,0.0,7677.0,0.04,34.41,,,1.0,0.0,5421.0,0.03,34.83,,0,,,0,,,
103.0,10.0,42.0,0.0,,0.11,,3641.0,,1.0,0.0,7717.0,0.04,34.0,,,,,,,,,0,22515.0,60.0,0,37107.0,99.0,
104.0,7.0,30.0,0.0,17782.0,0.09,1721.39,703.0,1.0,1.0,0.0,7757.0,0.04,53.96,61.0,,1.0,0.0,5461.0,0.03,34.01,,0,,,0,,,
105.0,7.0,31.0,0.0,15580.0,0.08,1649.22,1084.0,,2.0,0.0,7966.0,0.04,149.13,,,,,,,,,0,22515.0,93.0,0,37107.0,87.0,
106.0,7.0,33.0,0.0,17242.0,0.08,1336.64,1674.0,1.0,1.0,0.0,7877.0,0.04,124.31,56.0,,,,,,,,0,,,0,,,
107.0,3.0,26.0,0.0,16115.0,0.08,1603.45,472.0,,2.0,0.0,8075.0,0.04,90.73,,1.0,0.0,0.0,,0.04,,122.0,0,,,0,,,
108.0,7.0,30.0,0.0,17892.0,0.09,1273.2,1775.0,1.0,2.0,0.0,,0.04,,727.0,1.0,1.0,0.0,7321.0,0.04,9.67,84.0,0,22515.0,92.0,0,37107.0,99.0,
109.0,10.0,28.0,0.0,18669.0,0.09,1365.53,1983.0,1.0,2.0,0.0,7131.0,0.04,70.2,498.0,2.0,3.0,0.0,7873.0,0.04,62.18,544.0,0,,,0,,,
110.0,9.0,30.0,0.0,17181.0,0.09,1163.33,3023.0,,3.0,0.0,7723.0,0.04,75.45,,,1.0,0.0,7320.0,0.04,66.4,,0,22515.0,89.0,0,37107.0,99.0,
111.0,9.0,29.0,0.0,14768.0,0.08,1409.54,1251.0,1.0,3.0,0.0,7843.0,0.04,105.85,167.0,,1.0,0.0,7360.0,0.04,35.28,,0,,,0,,,
112.0,5.0,26.0,0.0,15234.0,0.07,1186.65,409.0,2.0,5.0,0.0,8052.0,0.04,122.46,55.0,,1.0,0.0,7400.0,0.04,35.83,,0,22515.0,89.0,0,37107.0,98.0,
113.0,9.0,26.0,0.0,14918.0,0.07,1217.48,3122.0,1.0,5.0,0.0,,0.04,,74.0,,,,,,,,0,,,0,,,
114.0,5.0,24.0,0.0,14454.0,0.07,1340.92,522.0,1.0,6.0,0.0,7326.0,0.04,190.91,14.0,,1.0,0.0,7440.0,0.04,35.79,,0,22515.0,92.0,0,37107.0,98.0,
115.0,11.0,29.0,0.0,14803.0,0.07,1315.6,2009.0,,5.0,0.0,7428.0,0.04,202.64,,,1.0,0.0,7480.0,0.04,33.79,,0,,,0,,,
116.0,10.0,32.0,0.0,21187.0,0.09,1087.44,2020.0,,5.0,0.0,7628.0,0.04,169.21,,2.0,2.0,0.0,7520.0,0.04,34.64,427.0,0,22259.0,94.0,0,37107.0,99.0,
117.0,8.0,33.0,0.0,19225.0,0.09,1640.49,1191.0,,5.0,0.0,7828.0,0.04,164.6,,,2.0,0.0,7741.0,0.04,67.26,,0,,,0,,,
118.0,9.0,38.0,0.0,20488.0,0.11,1441.62,2807.0,,4.0,0.0,7550.0,0.04,150.6,,,2.0,0.0,7821.0,0.04,67.9,,0,22259.0,92.0,0,37107.0,88.0,
119.0,7.0,35.0,0.0,21382.0,0.11,1915.23,1696.0,,4.0,0.0,7710.0,0.04,141.8,,1.0,2.0,0.0,,0.04,,18.0,0,,,0,,,
120.0,12.0,40.0,0.0,22712.0,0.11,1308.36,2466.0,,,,,,,,,3.0,0.0,7941.0,0.04,88.26,,0,22259.0,69.0,0,37107.0,76.0,
121.0,10.0,37.0,0.0,21163.0,0.1,1737.26,1408.0,,4.0,0.0,7870.0,0.04,136.28,,,3.0,0.0,8061.0,0.04,102.83,,0,,,0,,,
122.0,8.0,34.0,0.0,19545.0,0.1,2015.71,2254.0,,3.0,0.0,6761.0,0.03,107.97,,,3.0,0.0,8181.0,0.04,105.99,,0,22259.0,79.0,0,37107.0,99.0,
123.0,5.0,33.0,0.0,21279.0,0.1,1502.34,1187.0,,2.0,0.0,6494.0,0.03,68.86,,1.0,3.0,0.0,7277.0,0.04,100.6,15.0,0,,,0,,,
124.0,9.0,34.0,0.0,20880.0,0.09,1463.36,1734.0,,2.0,0.0,6574.0,0.03,67.85,,1.0,4.0,0.0,7441.0,0.04,123.57,650.0,0,22259.0,90.0,0,37107.0,99.0,
125.0,10.0,35.0,0.0,20765.0,0.1,1456.97,2167.0,,2.0,0.0,6654.0,0.03,68.54,,,,,,,,,0,,,0,,,
126.0,4.0,37.0,0.0,21383.0,0.1,1835.87,657.0,1.0,2.0,0.0,,0.03,,349.0,,4.0,0.0,6737.0,0.03,201.34,,0,,,0,,,
127.0,9.0,36.0,0.0,21022.0,0.1,1546.04,1562.0,1.0,0.0,0.0,,0.04,,251.0,1.0,4.0,0.0,6897.0,0.03,244.57,324.0,0,22259.0,92.0,0,37107.0,89.0,
128.0,9.0,39.0,0.0,21193.0,0.11,2166.46,1509.0,,,,,,,,1.0,2.0,0.0,7057.0,0.03,213.87,32.0,0,,,0,,,
129.0,10.0,45.0,0.0,22691.0,0.11,1237.79,1464.0,1.0,1.0,0.0,7179.0,0.04,17.0,8.0,1.0,3.0,0.0,6532.0,0.03,101.73,13.0,0,22259.0,75.0,0,37107.0,58.0,
130.0,9.0,44.0,0.0,21299.0,0.1,1371.29,1760.0,,,,,,,,1.0,3.0,0.0,,0.03,,34.0,0,,,0,,,
131.0,9.0,48.0,0.0,,0.11,,1849.0,1.0,1.0,0.0,7219.0,0.04,32.7,103.0,2.0,5.0,0.0,6716.0,0.03,104.14,327.0,0,22259.0,93.0,0,37107.0,99.0,
132.0,4.0,41.0,0.0,20840.0,0.1,2252.48,1100.0,,2.0,0.0,7375.0,0.04,41.15,,1.0,7.0,0.0,7338.0,0.04,181.26,74.0,0,,,0,,,
133.0,9.0,46.0,0.0,22282.0,0.11,1647.65,2387.0,,2.0,0.0,7455.0,0.04,71.11,,1.0,7.0,0.0,7886.0,0.04,205.92,630.0,0,22259.0,83.0,0,37107.0,99.0,
134.0,9.0,45.0,0.0,22503.0,0.11,1763.4,2381.0,2.0,4.0,0.0,7624.0,0.04,74.57,1095.0,,6.0,0.0,7992.0,0.04,238.88,,0,,,0,,,
135.0,7.0,43.0,0.0,20263.0,0.1,1834.3,1104.0,1.0,4.0,0.0,,0.04,,27.0,,,,,,,,0,22259.0,76.0,0,37107.0,95.0,
136.0,10.0,47.0,0.0,21505.0,0.11,1896.63,1410.0,2.0,5.0,0.0,7815.0,0.04,132.82,888.0,2.0,6.0,0.0,7516.0,0.04,170.99,19.0,0,,,0,,,
137.0,8.0,40.0,0.0,17661.0,0.09,1882.65,971.0,1.0,5.0,0.0,7011.0,0.03,174.77,335.0,1.0,6.0,0.0,7312.0,0.04,190.87,371.0,0,22259.0,56.0,0,37157.0,86.0,
138.0,8.0,40.0,0.0,18599.0,0.09,1929.76,2101.0,,6.0,0.0,7579.0,0.04,181.66,,1.0,5.0,0.0,7290.0,0.04,150.5,414.0,0,,,0,,,
139.0,12.0,48.0,0.0,21904.0,0.11,1376.06,3931.0,,6.0,0.0,7819.0,0.04,205.68,,,5.0,0.0,7490.0,0.04,172.15,,0,22259.0,93.0,0,37157.0,99.0,
140.0,6.0,45.0,0.0,21451.0,0.1,1971.88,658.0,,4.0,0.0,7059.0,0.03,176.22,,,,,,,,,0,,,0,,,
141.0,12.0,51.0,0.0,23037.0,0.11,1787.68,1926.0,,,,,,,,1.0,5.0,0.0,7690.0,0.04,165.6,22.0,0,,,0,,,
142.0,5.0,46.0,0.0,22288.0,0.11,2083.63,868.0,,4.0,0.0,7219.0,0.04,139.81,,,4.0,0.0,7014.0,0.03,169.44,,0,22259.0,91.0,0,37157.0,99.0,
143.0,8.0,41.0,0.0,19880.0,0.1,1954.53,2498.0,,3.0,0.0,7108.0,0.03,116.13,,,3.0,0.0,6936.0,0.03,125.52,,0,,,0,,,
144.0,10.0,45.0,0.0,20154.0,0.11,1663.27,1539.0,,3.0,0.0,7228.0,0.04,101.46,,,3.0,0.0,7056.0,0.03,101.23,,0,22259.0,91.0,0,37157.0,99.0,
145.0,8.0,45.0,0.0,21386.0,0.1,1648.63,1395.0,1.0,3.0,0.0,7566.0,0.04,66.45,770.0,2.0,4.0,0.0,6939.0,0.03,95.02,262.0,0,,,0,,,
146.0,6.0,43.0,0.0,21365.0,0.1,2179.21,310.0,2.0,3.0,0.0,,0.03,,514.0,,,,,,,,0,22259.0,93.0,0,37157.0,99.0,
147.0,3.0,42.0,0.0,20209.0,0.1,1950.55,821.0,2.0,4.0,0.0,7393.0,0.04,73.17,663.0,,2.0,0.0,7539.0,0.04,121.48,,0,,,0,,,
148.0,9.0,36.0,0.0,18637.0,0.09,2227.75,2387.0,,4.0,0.0,7458.0,0.04,111.91,,,2.0,0.0,7619.0,0.04,70.72,,0,22259.0,90.0,0,37159.0,99.0,
149.0,7.0,36.0,0.0,19066.0,0.09,1630.8,2830.0,,4.0,0.0,7618.0,0.04,132.13,,,2.0,0.0,7699.0,0.04,66.19,,0,,,0,,,
150.0,10.0,39.0,0.0,,0.1,,2956.0,1.0,4.0,0.0,7852.0,0.04,108.64,484.0,1.0,3.0,0.0,7815.0,0.04,78.02,24.0,0,22259.0,91.0,0,37159.0,100.0,
151.0,6.0,32.0,0.0,18652.0,0.09,1868.68,521.0,4.0,5.0,0.0,,0.04,,1206.0,,2.0,0.0,7480.0,0.04,97.74,,0,,,0,,,
152.0,10.0,31.0,0.0,18807.0,0.09,1411.64,3265.0,6.0,10.0,0.0,8508.0,0.04,125.14,1799.0,1.0,2.0,0.0,,0.04,,393.0,0,22259.0,81.0,0,37287.0,76.0,
153.0,8.0,36.0,0.0,19684.0,0.1,1527.37,980.0,6.0,15.0,0.0,,0.05,,1234.0,,3.0,0.0,7986.0,0.04,90.02,,0,,,0,,,
154.0,9.0,41.0,0.0,19124.0,0.1,2022.14,2257.0,12.0,24.0,0.0,,0.06,,3211.0,1.0,2.0,0.0,7358.0,0.04,61.17,29.0,0,22259.0,91.0,0,37799.0,74.0,
155.0,8.0,36.0,0.0,18753.0,0.09,1580.73,1021.0,13.0,29.0,0.0,12529.0,0.06,176.59,3504.0,1.0,3.0,0.0,7508.0,0.04,73.66,67.0,0,,,0,,,
156.0,10.0,39.0,0.0,19154.0,0.09,1861.24,1290.0,7.0,33.0,0.0,,0.06,,1405.0,,3.0,0.0,7628.0,0.04,105.8,,0,,,0,,,
157.0,7.0,41.0,0.0,19287.0,0.1,1995.28,1653.0,8.0,35.0,0.0,,0.07,,2089.0,1.0,4.0,0.0,7781.0,0.04,105.12,19.0,0,22259.0,92.0,0,38267.0,99.0,
158.0,18.0,54.0,0.0,,0.1,,3663.0,10.0,42.0,0.0,13366.0,0.08,471.11,2998.0,,3.0,0.0,7868.0,0.04,125.94,,0,,,0,,,
159.0,5.0,46.0,0.0,22145.0,0.1,1339.02,1949.0,9.0,46.0,0.0,,0.08,,1553.0,2.0,3.0,0.0,,0.04,,895.0,0,22259.0,90.0,0,38395.0,98.0,
160.0,4.0,41.0,0.0,21257.0,0.1,1851.28,1843.0,10.0,51.0,0.0,,0.08,,1177.0,1.0,4.0,0.0,7536.0,0.04,102.15,21.0,0,,,0,,,
161.0,8.0,45.0,0.0,,0.11,,2084.0,8.0,55.0,0.0,16955.0,0.08,577.97,1460.0,1.0,4.0,0.0,7191.0,0.04,123.88,499.0,0,22259.0,93.0,0,38395.0,99.0,
162.0,6.0,43.0,0.0,23126.0,0.11,1481.23,2193.0,14.0,66.0,0.0,,0.1,,2531.0,2.0,3.0,0.0,6555.0,0.03,125.24,38.0,0,,,0,,,
163.0,15.0,50.0,0.0,24321.0,0.12,1707.43,3652.0,6.0,70.0,0.0,,0.1,,2249.0,1.0,3.0,0.0,,0.03,,495.0,0,22387.0,91.0,0,38907.0,98.0,
164.0,9.0,48.0,0.0,21337.0,0.11,1496.09,759.0,7.0,70.0,0.0,21380.0,0.1,722.2,1017.0,1.0,2.0,0.0,6674.0,0.03,104.35,17.0,0,,,0,,,
165.0,,46.0,0.0,22326.0,0.11,2081.82,,10.0,71.0,0.0,,0.1,,1662.0,1.0,3.0,0.0,6668.0,0.03,87.4,83.0,0,22387.0,94.0,0,39163.0,99.0,
166.0,12.0,48.0,0.0,22836.0,0.11,1878.15,3996.0,6.0,71.0,0.0,,0.1,,1454.0,,4.0,0.0,6897.0,0.03,120.91,,0,,,0,,,
167.0,7.0,46.0,0.0,22275.0,0.11,1541.76,1979.0,9.0,74.0,0.0,20509.0,0.1,989.18,1042.0,,3.0,0.0,6882.0,0.03,100.29,,0,22387.0,91.0,0,39163.0,99.0,
168.0,9.0,37.0,0.0,19491.0,0.1,2087.51,3077.0,14.0,83.0,0.0,,0.11,,2586.0,2.0,3.0,0.0,7002.0,0.03,101.28,1424.0,0,,,0,,,
169.0,9.0,42.0,0.0,20137.0,0.1,1391.91,2256.0,7.0,90.0,0.0,,0.12,,1741.0,,,,,,,,0,22387.0,92.0,0,39715.0,90.0,
170.0,12.0,40.0,0.0,19318.0,0.09,1758.86,1181.0,10.0,96.0,0.0,,0.14,,2457.0,,3.0,0.0,6422.0,0.03,114.03,,0,,,0,,,
171.0,8.0,41.0,0.0,18815.0,0.1,1747.24,2708.0,9.0,102.0,0.0,29141.0,0.14,878.15,1381.0,,3.0,0.0,6542.0,0.03,107.53,,0,,,0,,,
172.0,9.0,48.0,0.0,23815.0,0.11,1340.41,2636.0,8.0,105.0,0.0,,0.15,,3344.0,,3.0,0.0,6662.0,0.03,99.5,,0,22387.0,57.0,0,40429.0,65.0,
173.0,5.0,34.0,0.0,20796.0,0.1,1977.55,1295.0,7.0,105.0,0.0,,0.15,,1482.0,1.0,3.0,0.0,6512.0,0.03,88.85,36.0,0,,,0,,,
174.0,5.0,32.0,0.0,20263.0,0.1,1627.78,1438.0,8.0,105.0,0.0,,0.15,,2251.0,1.0,2.0,0.0,,0.03,,5.0,0,22387.0,86.0,0,40665.0,99.0,
175.0,8.0,35.0,0.0,19733.0,0.09,1514.55,1117.0,4.0,104.0,0.0,30979.0,0.16,1133.13,1080.0,,3.0,0.0,6253.0,0.03,85.46,,0,,,0,,,
176.0,6.0,30.0,0.0,18535.0,0.08,2001.84,344.0,7.0,108.0,0.0,,0.17,,2239.0,1.0,3.0,0.0,6373.0,0.03,105.9,94.0,0,22387.0,91.0,0,40921.0,99.0,
177.0,4.0,25.0,0.0,14986.0,0.07,1456.4,1506.0,12.0,119.0,0.0,,0.19,,3458.0,1.0,3.0,0.0,6493.0,0.03,103.38,262.0,0,,,0,,,
178.0,8.0,27.0,0.0,15390.0,0.08,1121.1,2850.0,9.0,121.0,0.0,,0.18,,2426.0,1.0,3.0,0.0,6613.0,0.03,108.17,421.0,0,22387.0,94.0,0,41741.0,99.0,
179.0,8.0,28.0,0.0,15192.0,0.08,1375.18,1665.0,9.0,120.0,0.0,37374.0,0.18,1007.27,2235.0,1.0,4.0,0.0,7184.0,0.04,117.77,431.0,0,,,0,,,
180.0,8.0,28.0,0.0,16827.0,0.08,1443.49,1511.0,9.0,126.0,0.0,,0.19,,2434.0,1.0,4.0,0.0,,0.04,,661.0,0,22387.0,90.0,0,41803.0,99.0,
181.0,8.0,29.0,0.0,16705.0,0.09,1278.43,2245.0,4.0,124.0,0.0,,0.19,,351.0,,5.0,0.0,8014.0,0.04,144.2,,0,,,0,,,
182.0,7.0,27.0,0.0,18435.0,0.09,1429.45,2636.0,9.0,130.0,0.0,40073.0,0.2,1621.99,2145.0,3.0,3.0,0.0,7872.0,0.03,131.3,836.0,0,22387.0,92.0,0,42187.0,100.0,
183.0,12.0,34.0,0.0,18042.0,0.11,1326.14,3553.0,5.0,131.0,0.0,,0.21,,2507.0,,4.0,0.0,6777.0,0.03,120.79,,0,,,0,,,
184.0,10.0,37.0,0.0,20314.0,0.1,1859.22,1453.0,6.0,138.0,0.0,,0.22,,1000.0,,4.0,0.0,6937.0,0.03,138.16,,0,22387.0,92.0,0,43097.0,100.0,
185.0,6.0,34.0,0.0,21938.0,0.11,1407.09,2679.0,3.0,129.0,0.0,,0.22,,1120.0,,,,,,,,0,,,0,,,
186.0,10.0,32.0,0.0,21276.0,0.1,1487.35,2717.0,5.0,123.0,0.0,43412.0,0.21,1423.99,583.0,,4.0,0.0,7097.0,0.03,126.37,,0,22387.0,90.0,0,43097.0,99.0,
187.0,9.0,34.0,0.0,22123.0,0.1,1545.64,2037.0,10.0,120.0,0.0,,0.21,,1751.0,,3.0,0.0,6678.0,0.03,129.0,,0,,,,,,
188.0,9.0,39.0,0.0,23540.0,0.11,1621.64,1696.0,10.0,128.0,0.0,,0.22,,3042.0,,3.0,0.0,6798.0,0.03,98.82,,0,,,0,,,
189.0,4.0,29.0,0.0,20542.0,0.09,1814.84,766.0,12.0,139.0,0.0,,0.24,,2910.0,,3.0,0.0,6918.0,0.03,107.48,,0,22387.0,87.0,0,43225.0,90.0,
190.0,10.0,32.0,0.0,20372.0,0.09,1795.02,1458.0,6.0,139.0,0.0,48659.0,0.24,1222.93,373.0,1.0,4.0,0.0,7094.0,0.03,125.85,26.0,0,,,0,,,
191.0,11.0,39.0,0.0,21711.0,0.1,1402.13,2074.0,6.0,141.0,0.0,,0.25,,2514.0,1.0,4.0,0.0,,0.04,,43.0,0,22387.0,72.0,0,43679.0,93.0,
192.0,4.0,41.0,0.0,22168.0,0.11,2052.81,1240.0,8.0,140.0,0.0,,0.24,,1706.0,,5.0,0.0,7317.0,0.04,153.11,,0,,,0,,,
193.0,7.0,37.0,0.0,20298.0,0.1,2106.21,1007.0,7.0,141.0,0.0,,0.24,,1511.0,,4.0,0.0,7414.0,0.04,156.54,,0,22473.0,73.0,0,44135.0,99.0,
194.0,12.0,47.0,0.0,20868.0,0.11,1915.66,4514.0,13.0,147.0,0.0,51511.0,0.25,1344.14,2459.0,2.0,5.0,0.0,7574.0,0.04,128.88,47.0,0,,,0,,,
195.0,5.0,40.0,0.0,22980.0,0.11,1499.82,789.0,10.0,150.0,0.0,,0.25,,1928.0,1.0,5.0,0.0,6666.0,0.03,159.37,448.0,,22473.0,93.0,0,44207.0,99.0,
196.0,4.0,35.0,0.0,20825.0,0.1,2124.63,450.0,10.0,152.0,0.0,,0.25,,1088.0,2.0,7.0,0.0,,0.04,,70.0,0,,,0,,,
197.0,5.0,36.0,0.0,20908.0,0.1,2173.48,1417.0,7.0,147.0,0.0,,0.25,,1514.0,,6.0,0.0,6173.0,0.03,195.12,,0,22473.0,92.0,0,44507.0,99.0,
198.0,9.0,37.0,0.0,20629.0,0.11,1588.9,2352.0,10.0,152.0,0.0,51368.0,0.25,1613.1,1833.0,,5.0,0.0,6299.0,0.03,177.63,,0,,,0,,,
199.0,3.0,35.0,0.0,22845.0,0.11,1911.35,942.0,7.0,156.0,0.0,,0.26,,1184.0,1.0,6.0,0.0,7085.0,0.03,156.31,583.0,0,22473.0,92.0,0,44507.0,100.0,
200.0,7.0,32.0,0.0,20387.0,0.1,1649.92,1849.0,9.0,156.0,0.0,,0.26,,2333.0,1.0,5.0,0.0,6502.0,0.03,173.1,406.0,0,,,0,,,
201.0,5.0,31.0,0.0,20667.0,0.1,1378.11,1280.0,2.0,154.0,0.0,,0.26,,722.0,,,,,,,,0,22473.0,90.0,0,44791.0,99.0,
202.0,7.0,33.0,0.0,20430.0,0.11,1559.97,1122.0,5.0,147.0,0.0,51668.0,0.25,1693.15,597.0,,2.0,0.0,5599.0,0.03,99.31,,0,,,0,,,
203.0,12.0,38.0,0.0,21770.0,0.11,1710.69,1794.0,4.0,145.0,0.0,,0.25,,136.0,,2.0,0.0,5679.0,0.03,64.65,,0,22473.0,90.0,0,44791.0,99.0,
204.0,11.0,44.0,0.0,21827.0,0.11,1453.09,1205.0,10.0,147.0,0.0,,0.25,,2414.0,,1.0,0.0,5470.0,0.03,43.04,,0,,,0,,,
205.0,6.0,45.0,0.0,22969.0,0.11,1856.64,303.0,11.0,152.0,0.0,52304.0,0.26,1681.87,2554.0,,1.0,0.0,5510.0,0.03,34.14,,0,,,0,,,
206.0,8.0,46.0,0.0,23062.0,0.11,2116.96,921.0,5.0,160.0,0.0,,0.27,,565.0,,1.0,0.0,5550.0,0.03,36.57,,0,22473.0,93.0,0,44839.0,100.0,
207.0,6.0,50.0,0.0,22854.0,0.12,1534.0,971.0,8.0,163.0,0.0,,0.27,,1825.0,,,,,,,,0,,,0,,,
208.0,9.0,51.0,0.0,24986.0,0.12,1324.28,3924.0,8.0,162.0,0.0,,0.28,,1975.0,,1.0,0.0,5590.0,0.03,34.88,,0,22473.0,58.0,0,45463.0,76.0,
209.0,5.0,45.0,0.0,23369.0,0.11,2271.95,734.0,16.0,178.0,0.0,,0.29,,4050.0,,1.0,0.0,5630.0,0.03,32.96,,0,,,0,,,
210.0,6.0,45.0,0.0,25173.0,0.12,2041.83,936.0,15.0,185.0,0.0,,0.3,,3136.0,,1.0,0.0,5670.0,0.03,35.12,,0,22729.0,94.0,0,46531.0,99.0,
211.0,12.0,47.0,0.0,22822.0,0.12,2222.66,2925.0,9.0,178.0,0.0,60786.0,0.3,1198.4,1366.0,2.0,1.0,0.0,,0.04,,283.0,0,,,0,,,
212.0,12.0,48.0,0.0,23570.0,0.11,1339.51,1598.0,5.0,173.0,0.0,,0.3,,1721.0,1.0,1.0,0.0,7207.0,0.04,24.94,28.0,0,22729.0,90.0,0,46903.0,100.0,
213.0,8.0,46.0,0.0,20958.0,0.11,2170.61,2893.0,8.0,177.0,0.0,,0.31,,1761.0,2.0,3.0,0.0,7347.0,0.04,57.66,360.0,0,,,0,,,
214.0,5.0,43.0,0.0,22427.0,0.1,1648.26,339.0,9.0,185.0,0.0,,0.32,,2435.0,1.0,4.0,0.0,6801.0,0.03,117.88,560.0,0,22729.0,94.0,0,47287.0,98.0,
215.0,15.0,50.0,0.0,22112.0,0.11,1390.8,2992.0,10.0,187.0,0.0,,0.33,,2283.0,,,,,,,,0,,,0,,,
216.0,5.0,50.0,0.0,21710.0,0.11,2227.2,118.0,7.0,187.0,0.0,66398.0,0.33,1423.37,2100.0,2.0,4.0,0.0,6563.0,0.04,105.99,854.0,0,22729.0,93.0,0,47637.0,99.0,
217.0,6.0,47.0,0.0,20988.0,0.1,1978.53,415.0,10.0,192.0,0.0,,0.34,,2226.0,,5.0,0.0,7604.0,0.04,129.12,,0,,,0,,,
218.0,8.0,48.0,0.0,21550.0,0.11,2026.13,1091.0,10.0,201.0,0.0,,0.35,,3034.0,1.0,5.0,0.0,7804.0,0.04,172.75,400.0,0,,,0,,,
219.0,4.0,47.0,0.0,21554.0,0.1,2017.29,648.0,10.0,201.0,0.0,,0.35,,704.0,1.0,5.0,0.0,6782.0,0.03,147.31,48.0,0,22729.0,92.0,0,48409.0,100.0,
220.0,7.0,44.0,0.0,21679.0,0.11,2208.32,1471.0,12.0,204.0,0.0,,0.36,,3084.0,,,,,,,,0,,,0,,,
221.0,11.0,53.0,0.0,23774.0,0.13,1721.16,3274.0,7.0,203.0,0.0,73830.0,0.36,1482.89,1441.0,2.0,6.0,0.0,6982.0,0.04,165.04,206.0,0,22729.0,93.0,0,49399.0,99.0,
222.0,9.0,52.0,0.0,25607.0,0.13,1596.75,1694.0,7.0,207.0,0.0,,0.37,,1932.0,,7.0,0.0,7431.0,0.04,181.9,,0,,,0,,,
223.0,6.0,51.0,0.0,24264.0,0.12,2220.35,454.0,11.0,207.0,0.0,,0.37,,1704.0,,7.0,0.0,7711.0,0.04,224.3,,0,22857.0,92.0,0,49655.0,76.0,
224.0,5.0,46.0,0.0,23415.0,0.11,2381.48,621.0,8.0,205.0,0.0,,0.37,,1423.0,,6.0,0.0,7552.0,0.04,221.07,,0,,,0,,,
225.0,11.0,53.0,0.0,25155.0,0.13,1827.15,2671.0,8.0,205.0,0.0,,0.37,,1283.0,,,,,,,,0,22857.0,58.0,0,49655.0,66.0,
226.0,11.0,51.0,0.0,23207.0,0.11,1783.66,2203.0,9.0,202.0,0.0,74146.0,0.36,1823.23,504.0,1.0,6.0,0.0,7792.0,0.04,185.53,11.0,0,,,0,,,
227.0,13.0,53.0,0.0,20574.0,0.11,1959.44,1804.0,12.0,207.0,0.0,,0.37,,2646.0,,7.0,0.0,8065.0,0.04,208.63,,0,22857.0,70.0,0,49863.0,89.0,
228.0,6.0,49.0,0.0,21476.0,0.11,1917.99,2306.0,5.0,209.0,0.0,,0.38,,2358.0,,7.0,0.0,8345.0,0.04,230.0,,0,,,0,,,
229.0,6.0,46.0,0.0,21347.0,0.1,2322.57,681.0,9.0,208.0,0.0,,0.38,,1326.0,,6.0,0.0,8247.0,0.04,205.24,,0,22857.0,87.0,0,50479.0,95.0,
230.0,9.0,46.0,0.0,22104.0,0.11,1871.28,2123.0,8.0,202.0,0.0,,0.37,,1874.0,1.0,5.0,0.0,,0.04,,110.0,0,,,0,,,
231.0,9.0,44.0,0.0,21923.0,0.1,1755.09,1702.0,7.0,194.0,0.0,75612.0,0.35,1688.97,2018.0,1.0,5.0,0.0,7645.0,0.04,163.97,8.0,0,22857.0,92.0,0,50479.0,99.0,
232.0,8.0,45.0,0.0,20270.0,0.1,1787.89,1120.0,11.0,200.0,0.0,,0.36,,2710.0,,6.0,0.0,7875.0,0.04,173.86,,0,,,0,,,
233.0,9.0,44.0,0.0,21646.0,0.1,1854.84,2120.0,3.0,193.0,0.0,,0.36,,830.0,,5.0,0.0,6720.0,0.03,167.19,,0,22857.0,91.0,0,50479.0,100.0,
234.0,11.0,47.0,0.0,21656.0,0.11,1850.99,1924.0,12.0,201.0,0.0,,0.36,,2377.0,,4.0,0.0,6654.0,0.03,133.98,,0,,,0,,,
235.0,6.0,47.0,0.0,21885.0,0.11,1884.92,1412.0,9.0,198.0,0.0,71477.0,0.35,1681.63,1751.0,1.0,4.0,0.0,,0.03,,770.0,0,,,0,,,
236.0,5.0,36.0,0.0,20323.0,0.1,1773.38,1614.0,9.0,197.0,0.0,,0.35,,1513.0,2.0,3.0,0.0,6229.0,0.03,115.0,33.0,0,22857.0,92.0,0,50479.0,100.0,
237.0,6.0,38.0,0.0,20955.0,0.1,1863.54,1115.0,7.0,200.0,0.0,,0.36,,1516.0,,5.0,0.0,6438.0,0.03,144.75,,0,,,0,,,
238.0,10.0,39.0,0.0,19380.0,0.1,1942.47,3469.0,7.0,198.0,0.0,,0.36,,1918.0,1.0,6.0,0.0,6827.0,0.03,170.32,168.0,0,22857.0,91.0,0,50479.0,100.0,
239.0,10.0,41.0,0.0,21198.0,0.11,1223.4,3082.0,9.0,199.0,0.0,,0.37,,1531.0,1.0,6.0,0.0,,0.03,,6.0,0,,,0,,,
240.0,8.0,40.0,0.0,20881.0,0.1,1563.56,1758.0,10.0,205.0,0.0,75875.0,0.37,1722.45,2810.0,1.0,8.0,0.0,7445.0,0.04,202.11,340.0,0,22953.0,86.0,0,50479.0,100.0,
241.0,15.0,44.0,0.0,22966.0,0.11,1461.8,4992.0,9.0,202.0,0.0,,0.37,,1610.0,,5.0,0.0,6268.0,0.03,219.08,,0,,,0,,,
242.0,6.0,41.0,0.0,21593.0,0.11,1779.02,1359.0,11.0,208.0,0.0,,0.36,,1696.0,2.0,5.0,0.0,6940.0,0.03,152.82,1127.0,0,22953.0,88.0,0,50479.0,95.0,
243.0,8.0,39.0,0.0,21808.0,0.11,1776.55,1113.0,14.0,210.0,0.0,,0.38,,4849.0,,5.0,0.0,6668.0,0.03,160.94,,0,,,0,,,
244.0,9.0,39.0,0.0,22457.0,0.11,1968.58,2296.0,7.0,208.0,0.0,,0.36,,1192.0,,,,,,,,0,22953.0,92.0,0,50797.0,80.0,
245.0,8.0,37.0,0.0,22857.0,0.11,1764.9,2235.0,8.0,208.0,0.0,,0.37,,2911.0,,5.0,0.0,6868.0,0.03,162.4,,0,,,0,,,
246.0,6.0,36.0,0.0,23446.0,0.11,1713.86,1374.0,16.0,221.0,0.0,77030.0,0.38,1384.37,3733.0,,4.0,0.0,6748.0,0.03,158.53,,0,22953.0,91.0,0,50797.0,99.0,
247.0,3.0,27.0,0.0,21816.0,0.1,2123.33,273.0,9.0,225.0,0.0,,0.39,,835.0,,4.0,0.0,6908.0,0.03,132.47,,0,,,0,,,
248.0,7.0,27.0,0.0,21300.0,0.1,1326.53,2110.0,8.0,224.0,0.0,,0.39,,1013.0,1.0,4.0,0.0,6798.0,0.03,120.3,22.0,0,22953.0,90.0,0,51719.0,98.0,
249.0,7.0,29.0,0.0,22355.0,0.11,1168.52,2283.0,9.0,225.0,0.0,,0.39,,2266.0,,,,,,,,0,,,0,,,
250.0,11.0,29.0,0.0,21107.0,0.1,1683.41,3364.0,11.0,233.0,0.0,,0.39,,1441.0,1.0,3.0,0.0,6509.0,0.03,129.48,83.0,0,,,0,,,
251.0,11.0,33.0,0.0,23249.0,0.11,903.75,4091.0,8.0,232.0,0.0,80699.0,0.4,1761.8,1908.0,1.0,3.0,0.0,6969.0,0.03,117.6,35.0,0,22953.0,90.0,0,52061.0,99.0,
252.0,9.0,34.0,0.0,22941.0,0.11,1529.19,2145.0,9.0,228.0,0.0,,0.4,,1609.0,1.0,4.0,0.0,7146.0,0.03,112.63,108.0,0,,,0,,,
253.0,6.0,29.0,0.0,23443.0,0.11,1557.49,1613.0,8.0,226.0,0.0,,0.4,,496.0,,4.0,0.0,7804.0,0.04,142.82,,0,22953.0,92.0,0,52189.0,100.0,
254.0,8.0,32.0,0.0,20605.0,0.1,1448.81,372.0,3.0,227.0,0.0,,0.4,,325.0,,4.0,0.0,7964.0,0.04,131.86,,0,,,0,,,
255.0,7.0,30.0,0.0,19526.0,0.1,1612.84,1108.0,8.0,221.0,0.0,82336.0,0.41,2297.24,1983.0,,,,,,,,0,22953.0,92.0,0,52189.0,100.0,
256.0,13.0,33.0,0.0,19891.0,0.11,1479.93,4470.0,3.0,221.0,0.0,,0.41,,759.0,,4.0,0.0,8124.0,0.04,133.42,,0,,,0,,,
257.0,7.0,36.0,0.0,22530.0,0.11,1464.27,2302.0,11.0,214.0,0.0,,0.39,,1242.0,2.0,5.0,0.0,8308.0,0.04,137.02,27.0,0,22953.0,90.0,0,52573.0,99.0,
258.0,6.0,33.0,0.0,23463.0,0.12,1469.87,1861.0,7.0,214.0,0.0,,0.39,,1138.0,,5.0,0.0,8244.0,0.04,181.2,,0,,,0,,,
259.0,12.0,39.0,0.0,24235.0,0.13,1812.25,3332.0,13.0,220.0,0.0,80736.0,0.4,2127.23,3656.0,,5.0,0.0,8444.0,0.04,167.12,,0,22953.0,86.0,0,52573.0,99.0,
260.0,9.0,45.0,0.0,26498.0,0.13,1414.16,2475.0,8.0,225.0,0.0,,0.42,,3009.0,,,,,,,,0,,,0,,,
261.0,8.0,41.0,0.0,25806.0,0.12,1622.68,2137.0,5.0,219.0,0.0,,0.42,,507.0,,5.0,0.0,10692.0,0.05,164.48,,0,22953.0,60.0,0,52829.0,95.0,
262.0,8.0,41.0,0.0,25174.0,0.12,1514.49,1528.0,9.0,213.0,0.0,,0.42,,2772.0,,5.0,0.0,10892.0,0.05,158.42,,0,,,0,,,
263.0,10.0,43.0,0.0,25850.0,0.12,1682.22,2977.0,11.0,219.0,0.0,,0.42,,1781.0,,2.0,0.0,10142.0,0.05,133.89,,0,22953.0,92.0,0,52829.0,99.0,
264.0,8.0,38.0,0.0,21463.0,0.11,1501.54,774.0,6.0,218.0,0.0,83065.0,0.41,1752.1,120.0,,1.0,0.0,9673.0,0.05,61.19,,0,,,0,,,
265.0,7.0,38.0,0.0,22098.0,0.11,1933.33,1113.0,11.0,218.0,0.0,,0.41,,1984.0,,1.0,0.0,9713.0,0.05,34.64,,0,22953.0,90.0,0,52829.0,99.0,
266.0,5.0,36.0,0.0,21450.0,0.1,1656.78,1221.0,6.0,213.0,0.0,,0.4,,2444.0,1.0,1.0,0.0,,0.05,,42.0,0,,,0,,,
267.0,6.0,36.0,0.0,22727.0,0.11,1695.42,1705.0,9.0,211.0,0.0,,0.39,,1170.0,,2.0,0.0,9825.0,0.05,55.3,,0,,,0,,,
268.0,7.0,33.0,0.0,21607.0,0.11,1448.8,770.0,6.0,204.0,0.0,,0.38,,1361.0,1.0,3.0,0.0,10494.0,0.05,63.17,579.0,0,22953.0,91.0,0,52829.0,99.0,
269.0,7.0,33.0,0.0,21400.0,0.1,1849.12,1378.0,10.0,202.0,0.0,78582.0,0.38,1871.87,1396.0,,3.0,0.0,10614.0,0.05,98.52,,0,,,0,,,
270.0,5.0,30.0,0.0,20611.0,0.1,1687.04,664.0,9.0,207.0,0.0,,0.39,,1827.0,,,,,,,,0,22953.0,92.0,0,52829.0,100.0,
271.0,11.0,30.0,0.0,17816.0,0.09,1196.0,1941.0,6.0,204.0,0.0,,0.39,,852.0,,3.0,0.0,10734.0,0.05,97.99,,0,,,0,,,
272.0,6.0,31.0,0.0,17496.0,0.09,1606.04,1608.0,7.0,202.0,0.0,,0.39,,1438.0,,3.0,0.0,10854.0,0.05,102.79,,0,22953.0,90.0,0,52829.0,99.0,
273.0,9.0,36.0,0.0,18170.0,0.09,1465.88,2032.0,10.0,208.0,0.0,,0.4,,4102.0,1.0,3.0,0.0,10974.0,0.05,97.7,310.0,0,,,0,,,
274.0,8.0,37.0,0.0,18316.0,0.09,1711.42,3015.0,10.0,209.0,0.0,82720.0,0.4,1643.75,873.0,1.0,3.0,0.0,9293.0,0.05,94.69,770.0,0,22953.0,92.0,0,52829.0,99.0,
275.0,9.0,43.0,0.0,22223.0,0.11,1148.44,3218.0,9.0,212.0,0.0,,0.41,,2123.0,,,,,,,,0,,,0,,,
276.0,2.0,36.0,0.0,20409.0,0.1,1994.08,915.0,6.0,208.0,0.0,,0.41,,1805.0,,2.0,0.0,9373.0,0.05,67.85,,0,22953.0,70.0,0,52829.0,81.0,
277.0,11.0,38.0,0.0,22023.0,0.12,1948.21,2813.0,4.0,199.0,0.0,,0.39,,635.0,,2.0,0.0,9453.0,0.05,63.81,,0,,,0,,,
278.0,7.0,39.0,0.0,24810.0,0.12,1499.72,1022.0,6.0,203.0,0.0,80245.0,0.39,1902.08,432.0,,2.0,0.0,9533.0,0.05,69.13,,0,22953.0,84.0,0,52829.0,88.0,
279.0,15.0,46.0,0.0,23811.0,0.12,1862.98,2079.0,17.0,210.0,0.0,,0.4,,3568.0,,2.0,0.0,9613.0,0.05,64.78,,0,,,0,,,
280.0,8.0,47.0,0.0,25155.0,0.13,1617.3,1250.0,8.0,215.0,0.0,,0.41,,1606.0,1.0,2.0,0.0,,0.05,,310.0,0,22953.0,93.0,0,52829.0,99.0,
281.0,8.0,45.0,0.0,25537.0,0.12,1862.0,2272.0,9.0,210.0,0.0,,0.4,,2966.0,,2.0,0.0,9041.0,0.04,63.66,,0,,,0,,,
282.0,7.0,45.0,0.0,26390.0,0.13,1994.02,1340.0,12.0,209.0,0.0,,0.38,,2391.0,,1.0,0.0,8744.0,0.04,40.22,,0,,,0,,,
283.0,13.0,52.0,0.0,,0.13,,4496.0,4.0,192.0,0.0,77405.0,0.37,1712.58,167.0,1.0,0.0,0.0,,0.06,,559.0,0,22953.0,93.0,0,52829.0,98.0,
284.0,6.0,53.0,0.0,27201.0,0.13,1201.74,2620.0,8.0,194.0,0.0,,0.37,,1381.0,1.0,2.0,0.0,11050.0,0.05,22.21,210.0,0,,,0,,,
285.0,5.0,45.0,0.0,24551.0,0.12,1837.94,1197.0,9.0,196.0,0.0,,0.38,,2177.0,,,,,,,,0,22953.0,77.0,0,52829.0,98.0,
286.0,9.0,45.0,0.0,24593.0,0.12,2094.43,2591.0,11.0,201.0,0.0,79557.0,0.39,2474.78,2055.0,,2.0,0.0,11130.0,0.05,59.75,,0,,,0,,,
287.0,9.0,43.0,0.0,23980.0,0.12,1414.85,2349.0,10.0,205.0,0.0,,0.4,,3514.0,1.0,1.0,0.0,10547.0,0.05,49.69,770.0,0,22953.0,92.0,0,52829.0,99.0,
288.0,8.0,43.0,0.0,24022.0,0.12,1720.14,2552.0,9.0,207.0,0.0,,0.4,,1637.0,,1.0,0.0,9563.0,0.05,32.65,,0,,,0,,,
289.0,12.0,47.0,0.0,,0.12,,3116.0,6.0,201.0,0.0,,0.38,,1388.0,2.0,2.0,0.0,,0.05,,95.0,0,22953.0,92.0,0,52829.0,90.0,
290.0,9.0,43.0,0.0,23304.0,0.11,1306.08,1631.0,11.0,200.0,0.0,,0.39,,2983.0,,3.0,0.0,9716.0,0.05,43.37,,0,,,0,,,
291.0,10.0,46.0,0.0,21659.0,0.12,2091.42,2947.0,6.0,201.0,0.0,80336.0,0.39,1557.68,1924.0,,3.0,0.0,9836.0,0.05,93.7,,0,22953.0,73.0,0,52829.0,89.0,
292.0,7.0,45.0,0.0,22965.0,0.11,1539.96,510.0,12.0,205.0,0.0,,0.39,,1962.0,,3.0,0.0,9956.0,0.05,93.73,,0,,,0,,,
293.0,14.0,53.0,0.0,23883.0,0.13,1849.66,3341.0,10.0,203.0,0.0,,0.39,,3085.0,,3.0,0.0,9874.0,0.05,96.4,,0,22953.0,73.0,0,52829.0,84.0,
294.0,11.0,58.0,0.0,25284.0,0.13,1848.43,526.0,9.0,204.0,0.0,,0.4,,1647.0,1.0,2.0,0.0,,0.05,,309.0,0,,,0,,,
295.0,5.0,57.0,0.0,27216.0,0.13,2421.39,927.0,11.0,206.0,0.0,,0.4,,1061.0,4.0,6.0,0.0,10270.0,0.05,66.94,137.0,0,23081.0,73.0,0,52829.0,100.0,
296.0,12.0,65.0,0.0,29032.0,0.14,1983.04,1331.0,9.0,209.0,0.0,79680.0,0.4,1730.3,2638.0,,7.0,0.0,10645.0,0.05,169.77,,0,,,0,,,
297.0,10.0,62.0,0.0,29577.0,0.15,2579.23,3077.0,11.0,214.0,0.0,,0.41,,2036.0,,6.0,0.0,10298.0,0.05,228.5,,0,,,0,,,
298.0,10.0,68.0,0.0,,0.17,,2595.0,5.0,211.0,0.0,,0.4,,2128.0,,,,,,,,0,23465.0,84.0,0,52829.0,100.0,
299.0,11.0,63.0,0.0,31594.0,0.15,1709.45,2132.0,12.0,212.0,0.0,,0.41,,2313.0,1.0,4.0,0.0,9947.0,0.05,151.81,21.0,0,,,0,,,
300.0,5.0,55.0,0.0,31584.0,0.15,2227.82,853.0,8.0,220.0,0.0,,0.42,,1523.0,,5.0,0.0,10161.0,0.05,151.47,,0,23849.0,90.0,0,52829.0,100.0,
301.0,11.0,57.0,0.0,30614.0,0.15,2046.32,2349.0,4.0,216.0,0.0,84851.0,0.41,1650.44,905.0,3.0,7.0,0.0,10626.0,0.05,155.66,545.0,0,,,0,,,
302.0,10.0,59.0,0.0,31708.0,0.15,2045.28,2018.0,9.0,213.0,0.0,,0.41,,2464.0,6.0,10.0,0.0,,0.05,,1254.0,0,23849.0,92.0,0,52829.0,99.0,
303.0,7.0,50.0,0.0,30125.0,0.14,2073.08,931.0,5.0,200.0,0.0,,0.39,,1200.0,10.0,19.0,0.0,11246.0,0.05,238.49,1509.0,0,,,0,,,
304.0,3.0,44.0,0.0,28771.0,0.12,2416.61,564.0,5.0,198.0,0.0,,0.39,,209.0,10.0,28.0,0.0,,0.07,,4282.0,0,23849.0,94.0,0,53213.0,100.0,
305.0,12.0,46.0,0.0,24283.0,0.12,1758.41,3309.0,14.0,212.0,0.0,81601.0,0.4,2045.45,4243.0,10.0,34.0,0.0,,0.09,,4456.0,0,,,0,,,
306.0,6.0,49.0,0.0,25277.0,0.12,1394.87,966.0,4.0,199.0,0.0,,0.39,,931.0,9.0,39.0,0.0,,0.09,,1853.0,0,23849.0,92.0,0,53981.0,99.0,
307.0,6.0,42.0,0.0,23249.0,0.11,2110.39,1592.0,5.0,189.0,0.0,,0.39,,683.0,8.0,41.0,0.0,17680.0,0.09,324.26,1802.0,0,,,0,,,
308.0,11.0,47.0,0.0,25292.0,0.12,1772.76,2495.0,7.0,187.0,0.0,,0.38,,868.0,8.0,42.0,0.0,,0.09,,2291.0,0,23849.0,71.0,0,53981.0,85.0,
309.0,7.0,47.0,0.0,23517.0,0.12,1659.37,2421.0,12.0,188.0,0.0,76455.0,0.37,2003.63,1487.0,8.0,48.0,0.0,,0.1,,1695.0,0,,,0,,,
310.0,6.0,40.0,0.0,22233.0,0.11,1984.5,2303.0,5.0,190.0,0.0,,0.38,,1783.0,8.0,53.0,0.0,20566.0,0.1,644.07,738.0,0,23849.0,93.0,0,54109.0,92.0,
311.0,7.0,39.0,0.0,23156.0,0.11,1447.88,2134.0,6.0,185.0,0.0,,0.37,,358.0,4.0,54.0,0.0,,0.1,,583.0,0,,,0,,,
312.0,11.0,43.0,0.0,23247.0,0.11,1406.88,2981.0,13.0,191.0,0.0,,0.38,,3035.0,10.0,61.0,0.0,,0.11,,1992.0,0,,,0,,,
313.0,3.0,38.0,0.0,23353.0,0.11,1799.98,1101.0,6.0,190.0,0.0,76733.0,0.37,1610.65,748.0,10.0,70.0,0.0,24916.0,0.12,723.9,2991.0,0,23849.0,64.0,0,54367.0,99.0,
314.0,12.0,43.0,0.0,23889.0,0.12,1539.96,2356.0,10.0,191.0,0.0,,0.38,,1720.0,5.0,69.0,0.0,,0.12,,512.0,0,,,0,,,
315.0,14.0,43.0,0.0,,0.11,,3919.0,10.0,188.0,0.0,,0.37,,805.0,4.0,70.0,0.0,,0.13,,1332.0,0,23849.0,92.0,0,54749.0,100.0,
316.0,10.0,45.0,0.0,24191.0,0.12,1266.45,2851.0,7.0,187.0,0.0,,0.37,,1825.0,8.0,71.0,0.0,25917.0,0.13,958.33,1911.0,0,,,0,,,
317.0,13.0,51.0,0.0,25526.0,0.13,1673.69,3950.0,8.0,189.0,0.0,,0.37,,2157.0,9.0,79.0,0.0,,0.15,,3636.0,0,23849.0,92.0,0,55133.0,96.0,
318.0,9.0,52.0,0.0,27417.0,0.13,1533.03,1517.0,7.0,187.0,0.0,75447.0,0.37,1573.12,1659.0,7.0,85.0,0.0,,0.16,,2285.0,0,,,0,,,
319.0,12.0,55.0,0.0,29223.0,0.14,1850.42,2380.0,10.0,192.0,0.0,,0.37,,2502.0,10.0,91.0,0.0,,0.18,,2948.0,0,23849.0,92.0,0,55905.0,98.0,
320.0,8.0,53.0,0.0,28802.0,0.14,1920.89,1870.0,6.0,184.0,0.0,,0.36,,1189.0,7.0,92.0,0.0,,0.18,,1382.0,0,,,0,,,
321.0,8.0,54.0,0.0,,0.14,,1337.0,6.0,178.0,0.0,,0.35,,901.0,8.0,90.0,0.0,34874.0,0.17,741.09,1006.0,0,23849.0,92.0,0,56125.0,100.0,
322.0,5.0,49.0,0.0,30067.0,0.15,2342.99,1431.0,9.0,177.0,0.0,,0.34,,2607.0,10.0,93.0,0.0,,0.17,,1048.0,0,,,0,,,
323.0,6.0,45.0,0.0,,0.14,,1987.0,7.0,180.0,0.0,69958.0,0.34,1603.79,274.0,10.0,98.0,0.0,,0.17,,2240.0,0,23721.0,64.0,0,56173.0,81.0,
324.0,16.0,55.0,0.0,32100.0,0.16,1369.11,7023.0,14.0,190.0,0.0,,0.36,,3089.0,6.0,101.0,0.0,38845.0,0.19,1045.8,2250.0,0,,,0,,,
325.0,12.0,57.0,0.0,30588.0,0.15,1507.65,2113.0,7.0,190.0,0.0,,0.36,,1538.0,7.0,99.0,0.0,,0.19,,1276.0,0,23721.0,66.0,0,56505.0,99.0,
326.0,9.0,60.0,0.0,,0.16,,2456.0,8.0,190.0,0.0,,0.35,,1375.0,6.0,100.0,0.0,,0.19,,2172.0,0,,,0,,,
327.0,9.0,58.0,0.0,31377.0,0.15,2030.3,1358.0,9.0,187.0,0.0,,0.35,,1956.0,9.0,107.0,0.0,,0.2,,2607.0,0,,,0,,,
328.0,6.0,56.0,0.0,30414.0,0.15,2417.99,1837.0,7.0,189.0,0.0,72424.0,0.36,1507.56,2576.0,8.0,112.0,0.0,,0.22,,1779.0,0,23721.0,49.0,0,56943.0,69.0,
329.0,9.0,56.0,0.0,32400.0,0.15,1735.22,1861.0,6.0,187.0,0.0,,0.36,,833.0,10.0,117.0,0.0,45369.0,0.23,990.13,2538.0,0,,,0,,,
330.0,10.0,54.0,0.0,29288.0,0.14,2164.06,1688.0,10.0,190.0,0.0,,0.37,,2635.0,12.0,126.0,0.0,,0.25,,2921.0,0,23721.0,75.0,0,57789.0,100.0,
331.0,5.0,47.0,0.0,26915.0,0.13,2289.81,527.0,11.0,195.0,0.0,,0.37,,2318.0,4.0,116.0,0.0,,0.23,,805.0,0,,,0,,,
332.0,11.0,54.0,0.0,27541.0,0.14,2172.77,1916.0,9.0,195.0,0.0,,0.37,,1843.0,6.0,116.0,0.0,47076.0,0.23,1234.57,753.0,0,23721.0,92.0,0,57979.0,100.0,
333.0,11.0,54.0,0.0,28343.0,0.14,1791.95,2316.0,10.0,196.0,0.0,76001.0,0.37,1416.79,2136.0,8.0,118.0,0.0,,0.23,,1463.0,0,,,0,,,
334.0,10.0,50.0,0.0,24311.0,0.12,1848.81,1392.0,5.0,193.0,0.0,,0.37,,1284.0,10.0,128.0,0.0,,0.26,,3708.0,0,23721.0,92.0,0,58077.0,99.0,
335.0,9.0,52.0,0.0,26269.0,0.13,1780.24,2102.0,8.0,195.0,0.0,,0.39,,2192.0,11.0,131.0,0.0,,0.26,,1554.0,0,,,0,,,
336.0,9.0,51.0,0.0,25368.0,0.12,2005.05,1509.0,10.0,198.0,0.0,,0.38,,1423.0,9.0,135.0,0.0,,0.25,,1230.0,0,23721.0,70.0,0,58333.0,46.0,
337.0,14.0,55.0,0.0,25581.0,0.12,1677.5,2389.0,9.0,199.0,0.0,,0.38,,1274.0,9.0,141.0,0.0,53373.0,0.27,1102.95,1968.0,0,,,0,,,
338.0,5.0,54.0,0.0,,0.13,,1950.0,6.0,188.0,0.0,75833.0,0.37,1556.05,907.0,6.0,141.0,0.0,,0.27,,1002.0,0,,,0,,,
339.0,7.0,57.0,0.0,26815.0,0.13,1886.2,463.0,5.0,186.0,0.0,,0.37,,1336.0,9.0,144.0,0.0,,0.27,,1706.0,0,23721.0,93.0,0,58461.0,98.0,
340.0,8.0,54.0,0.0,26987.0,0.14,2222.95,3330.0,6.0,182.0,0.0,,0.37,,1695.0,5.0,143.0,0.0,,0.28,,1503.0,0,,,0,,,
341.0,11.0,53.0,0.0,32032.0,0.14,1345.84,3653.0,12.0,194.0,0.0,,0.39,,3623.0,12.0,153.0,0.0,,0.3,,3017.0,0,23721.0,29.0,0,58857.0,24.0,
342.0,10.0,52.0,0.0,28722.0,0.14,2002.96,1334.0,8.0,193.0,0.0,,0.4,,3697.0,6.0,158.0,0.0,63686.0,0.31,1063.82,2200.0,0,,,0,,,
343.0,11.0,50.0,0.0,,0.13,,950.0,6.0,189.0,0.0,80243.0,0.39,1440.51,1279.0,5.0,155.0,0.0,,0.31,,1898.0,0,23821.0,89.0,0,59625.0,100.0,
344.0,3.0,43.0,0.0,24792.0,0.12,2271.72,578.0,17.0,204.0,0.0,,0.41,,3970.0,7.0,150.0,0.0,,0.31,,1724.0,0,,,0,,,
345.0,3.0,34.0,0.0,23178.0,0.1,1907.24,329.0,5.0,199.0,0.0,,0.41,,2266.0,11.0,158.0,0.0,,0.32,,2558.0,0,23821.0,86.0,0,59753.0,100.0,
346.0,9.0,34.0,0.0,21135.0,0.1,1768.93,1493.0,7.0,186.0,0.0,,0.38,,1133.0,2.0,146.0,0.0,62350.0,0.3,1555.72,369.0,0,,,0,,,
347.0,8.0,38.0,0.0,24264.0,0.12,1655.28,2952.0,6.0,182.0,0.0,,0.37,,1367.0,5.0,140.0,0.0,,0.3,,1809.0,0,23821.0,92.0,0,59753.0,99.0,
348.0,7.0,35.0,0.0,23609.0,0.12,1559.98,1809.0,9.0,182.0,0.0,,0.37,,1553.0,5.0,142.0,0.0,,0.31,,556.0,0,,,0,,,
349.0,7.0,35.0,0.0,23010.0,0.11,1498.53,1323.0,3.0,175.0,0.0,73798.0,0.35,1402.65,1132.0,7.0,137.0,0.0,,0.3,,265.0,0,23821.0,82.0,0,59753.0,100.0,
350.0,14.0,38.0,0.0,21849.0,0.11,1844.06,3490.0,8.0,180.0,0.0,,0.36,,767.0,7.0,139.0,0.0,61610.0,0.3,1754.8,637.0,0,,,0,,,
351.0,10.0,39.0,0.0,23720.0,0.11,1335.74,1021.0,9.0,180.0,0.0,,0.36,,1417.0,8.0,141.0,0.0,,0.31,,2202.0,0,23821.0,92.0,0,59753.0,99.0,
352.0,9.0,37.0,0.0,21672.0,0.11,2113.99,1281.0,8.0,185.0,0.0,,0.37,,1604.0,7.0,139.0,0.0,,0.31,,1372.0,0,,,0,,,
353.0,12.0,42.0,0.0,,0.11,,2559.0,8.0,187.0,0.0,75169.0,0.37,1621.1,813.0,11.0,145.0,0.0,,0.31,,1729.0,0,,,0,,,
354.0,15.0,53.0,0.0,23184.0,0.13,1475.67,3872.0,5.0,183.0,0.0,,0.36,,1475.0,5.0,143.0,0.0,63814.0,0.31,1409.45,1502.0,0,23821.0,79.0,0,59753.0,90.0,
355.0,4.0,48.0,0.0,25381.0,0.12,1515.45,522.0,9.0,189.0,0.0,,0.37,,645.0,6.0,141.0,0.0,,0.31,,1937.0,0,,,0,,,
356.0,6.0,48.0,0.0,25028.0,0.13,1738.04,1716.0,13.0,196.0,0.0,,0.37,,2369.0,11.0,147.0,0.0,,0.32,,2594.0,0,23821.0,25.0,0,59753.0,68.0,
357.0,17.0,51.0,0.0,23966.0,0.11,1874.14,2728.0,5.0,190.0,0.0,,0.37,,744.0,8.0,148.0,0.0,,0.32,,2953.0,0,,,0,,,
358.0,9.0,48.0,0.0,21970.0,0.11,1437.72,2619.0,3.0,184.0,0.0,74916.0,0.36,1616.68,1188.0,8.0,154.0,0.0,,0.33,,2037.0,0,23437.0,91.0,0,60009.0,99.0,
359.0,7.0,48.0,0.0,,0.11,,1404.0,7.0,183.0,0.0,,0.37,,2318.0,6.0,155.0,0.0,67904.0,0.33,1066.82,1237.0,0,,,0,,,
360.0,4.0,46.0,0.0,22198.0,0.11,1540.79,881.0,10.0,190.0,0.0,,0.38,,3171.0,11.0,158.0,0.0,,0.34,,2354.0,0,23437.0,65.0,0,60137.0,100.0,
361.0,3.0,41.0,0.0,22384.0,0.11,1814.25,759.0,9.0,192.0,0.0,,0.4,,4611.0,10.0,157.0,0.0,,0.34,,2345.0,0,,,0,,,
362.0,7.0,43.0,0.0,22802.0,0.11,1326.88,2021.0,11.0,200.0,0.0,,0.41,,2369.0,11.0,168.0,0.0,,0.36,,4028.0,0,23309.0,49.0,0,60777.0,40.0,
363.0,8.0,44.0,0.0,,0.12,,1817.0,5.0,199.0,0.0,,0.41,,1418.0,11.0,177.0,0.0,,0.37,,2047.0,0,,,0,,,
364.0,8.0,43.0,0.0,22319.0,0.12,1056.13,1584.0,5.0,189.0,0.0,80071.0,0.39,1170.11,524.0,8.0,180.0,0.0,,0.37,,1639.0,0,,,0,,,
365.0,5.0,36.0,0.0,22024.0,0.11,1781.82,1234.0,4.0,178.0,0.0,,0.38,,481.0,9.0,183.0,0.0,,0.38,,2644.0,0,23309.0,60.0,0,61343.0,87.0,
366.0,7.0,35.0,0.0,21802.0,0.11,1549.72,1155.0,11.0,182.0,0.0,,0.38,,1768.0,9.0,193.0,0.0,,0.41,,2981.0,0,,,0,,,
367.0,5.0,35.0,0.0,22786.0,0.11,1380.05,667.0,4.0,176.0,0.0,,0.38,,424.0,6.0,184.0,0.0,81340.0,0.4,911.57,1269.0,0,23309.0,67.0,0,62101.0,88.0,
368.0,6.0,31.0,0.0,20787.0,0.1,1593.75,1842.0,8.0,180.0,0.0,,0.37,,1471.0,9.0,185.0,0.0,,0.4,,1942.0,0,,,0,,,
369.0,8.0,25.0,0.0,17792.0,0.09,1313.8,1753.0,15.0,188.0,0.0,78590.0,0.39,1557.38,4214.0,3.0,185.0,0.0,,0.4,,1217.0,0,23309.0,89.0,0,62101.0,100.0,
370.0,13.0,29.0,0.0,18516.0,0.09,970.08,2837.0,9.0,195.0,0.0,,0.4,,3498.0,12.0,192.0,0.0,,0.42,,2530.0,0,,,0,,,
371.0,9.0,30.0,0.0,18998.0,0.09,1092.05,1760.0,14.0,205.0,0.0,,0.42,,3658.0,12.0,199.0,0.0,,0.42,,2511.0,0,23309.0,59.0,,62357.0,98.0,
372.0,4.0,28.0,0.0,18270.0,0.09,1294.9,1128.0,4.0,198.0,0.0,,0.42,,1513.0,8.0,204.0,0.0,89186.0,0.44,1317.46,943.0,0,,,0,,,
373.0,10.0,30.0,0.0,18966.0,0.1,985.64,3624.0,7.0,200.0,0.0,,0.43,,2101.0,7.0,197.0,0.0,,0.42,,1099.0,0,22797.0,92.0,0,62885.0,77.0,
374.0,7.0,31.0,0.0,19628.0,0.1,1101.71,1055.0,7.0,203.0,0.0,,0.43,,2484.0,11.0,201.0,0.0,,0.43,,1920.0,0,,,0,,,
375.0,7.0,31.0,0.0,19249.0,0.1,1851.93,587.0,8.0,200.0,0.0,,0.43,,1894.0,7.0,200.0,0.0,,0.43,,1880.0,0,,,0,,,
376.0,3.0,27.0,0.0,18044.0,0.09,1332.89,740.0,6.0,201.0,0.0,87044.0,0.43,1141.86,2228.0,4.0,194.0,0.0,,0.42,,1321.0,0,22669.0,91.0,0,62885.0,99.0,
377.0,8.0,29.0,0.0,19305.0,0.1,1279.38,1925.0,8.0,196.0,0.0,,0.42,,891.0,8.0,197.0,0.0,88296.0,0.43,1712.74,2248.0,0,,,0,,,
378.0,7.0,34.0,0.0,20120.0,0.1,1512.24,1456.0,9.0,199.0,0.0,,0.42,,1277.0,7.0,197.0,0.0,,0.43,,1428.0,0,22669.0,14.0,0,62885.0,79.0,
379.0,10.0,32.0,0.0,19946.0,0.11,912.34,2987.0,5.0,200.0,0.0,,0.42,,439.0,9.0,193.0,0.0,,0.43,,2087.0,0,,,0,,,
380.0,3.0,23.0,0.0,19850.0,0.1,1293.25,681.0,10.0,208.0,0.0,,0.44,,3266.0,8.0,194.0,0.0,,0.42,,1321.0,0,22669.0,91.0,0,62885.0,99.0,
381.0,7.0,19.0,0.0,17355.0,0.09,1028.09,967.0,13.0,208.0,0.0,86851.0,0.43,1579.44,2125.0,8.0,195.0,0.0,,0.43,,2699.0,0,,,0,,,
382.0,6.0,20.0,0.0,16584.0,0.08,944.53,1569.0,7.0,211.0,0.0,,0.44,,1414.0,8.0,190.0,0.0,88053.0,0.43,1540.59,680.0,0,22541.0,85.0,0,62885.0,91.0,
383.0,8.0,23.0,0.0,17248.0,0.09,1003.44,2927.0,5.0,206.0,0.0,,0.43,,1237.0,5.0,192.0,0.0,,0.44,,1834.0,0,,,0,,,
384.0,9.0,27.0,0.0,18415.0,0.09,816.38,218.0,12.0,207.0,0.0,,0.43,,1067.0,8.0,196.0,0.0,,0.44,,2209.0,0,22541.0,91.0,0,63013.0,98.0,
385.0,5.0,26.0,0.0,18481.0,0.09,1365.03,137.0,8.0,205.0,0.0,,0.43,,1088.0,12.0,197.0,0.0,,0.44,,4322.0,0,,,0,,,
386.0,7.0,26.0,0.0,17349.0,0.09,1555.13,956.0,13.0,215.0,0.0,89662.0,0.44,1640.41,2640.0,10.0,198.0,0.0,,0.44,,1191.0,0,,,0,,,1
387.0,4.0,29.0,0.0,19580.0,0.1,1472.62,447.0,8.0,220.0,0.0,,0.48,,2487.0,,182.0,0.0,90490.0,0.44,1517.17,,2,22539.0,81.0,0,63141.0,91.0,
388.0,7.0,28.0,0.0,18373.0,0.09,1293.45,1179.0,12.0,229.0,0.0,,0.47,,2766.0,9.0,0.0,0.0,,0.03,,1636.0,0,,,0,,,
389.0,9.0,36.0,0.0,,0.1,,1711.0,6.0,229.0,0.0,,0.45,,1338.0,15.0,20.0,0.0,,0.04,,2003.0,0,39453.0,58.0,0,63525.0,11.0,
390.0,6.0,38.0,0.0,20079.0,0.1,649.68,1526.0,5.0,228.0,0.0,,0.45,,938.0,15.0,35.0,0.0,84821.0,0.06,2440.38,3391.0,0,,,0,,,
391.0,11.0,48.0,0.0,,0.1,,2206.0,8.0,232.0,0.0,,0.46,,2042.0,4.0,35.0,0.0,,0.06,,1278.0,0,40055.0,100.0,0,63525.0,100.0,
392.0,11.0,53.0,0.0,,0.11,,2775.0,13.0,237.0,0.0,,0.47,,1842.0,5.0,35.0,0.0,,0.06,,2027.0,0,,,0,,,
393.0,9.0,61.0,0.0,,0.11,,3710.0,6.0,230.0,0.0,93470.0,0.46,1317.9,1603.0,6.0,37.0,0.0,12790.0,0.06,3.39,794.0,0,40055.0,99.0,0,63757.0,93.0,
394.0,7.0,66.0,0.0,,0.11,,1122.0,11.0,233.0,0.0,,0.46,,1562.0,12.0,42.0,0.0,,0.06,,1507.0,0,,,0,,,
395.0,8.0,68.0,0.0,23256.0,0.12,471.04,1366.0,6.0,238.0,0.0,,0.48,,1646.0,10.0,51.0,0.0,13010.0,0.07,606.07,1028.0,0,40439.0,97.0,0,63993.0,100.0,
396.0,12.0,74.0,0.0,,0.12,,3183.0,8.0,240.0,0.0,,0.49,,1900.0,6.0,50.0,0.0,,0.06,,707.0,0,,,0,,,
397.0,7.0,80.0,0.0,,0.14,,1902.0,11.0,246.0,0.0,,0.5,,3271.0,10.0,59.0,0.0,80002.0,0.07,1893.27,1040.0,0,,,0,,,
398.0,5.0,82.0,0.0,,0.14,,1797.0,7.0,250.0,0.0,,0.51,,2784.0,10.0,67.0,0.0,,0.09,,3218.0,0,41207.0,39.0,0,64491.0,99.0,
399.0,8.0,86.0,0.0,29941.0,0.15,763.23,1386.0,7.0,250.0,0.0,,0.52,,573.0,7.0,70.0,0.0,73774.0,0.09,1331.96,263.0,0,,,0,,,
400.0,9.0,90.0,0.0,,0.16,,3820.0,5.0,239.0,0.0,104195.0,0.49,1380.42,1016.0,7.0,73.0,0.0,,0.09,,2811.0,0,42085.0,89.0,0,64865.0,89.0,
401.0,11.0,96.0,0.0,,0.17,,1882.0,8.0,239.0,0.0,,0.5,,1965.0,9.0,80.0,0.0,69852.0,0.11,1322.97,2106.0,0,,,0,,,
402.0,8.0,96.0,0.0,,0.17,,3081.0,6.0,229.0,0.0,,0.48,,920.0,13.0,89.0,0.0,,0.11,,1725.0,0,43157.0,98.0,0,64865.0,99.0,
403.0,13.0,104.0,0.0,,0.17,,1498.0,6.0,231.0,0.0,,0.49,,1406.0,6.0,91.0,0.0,64786.0,0.11,1008.88,1092.0,,,,0,,,
404.0,6.0,108.0,0.0,35688.0,0.17,765.66,1208.0,6.0,226.0,0.0,,0.48,,1184.0,9.0,89.0,0.0,22887.0,0.11,704.41,1478.0,0,43457.0,96.0,0,64865.0,94.0,
405.0,12.0,115.0,0.0,,0.19,,3361.0,4.0,224.0,0.0,97977.0,0.48,1936.21,778.0,10.0,93.0,0.0,57981.0,0.11,969.11,1645.0,0,,,0,,,
406.0,6.0,109.0,0.0,,0.18,,1051.0,4.0,220.0,0.0,,0.48,,2355.0,7.0,89.0,0.0,56831.0,0.11,807.59,539.0,0,43585.0,100.0,0,64865.0,99.0,
407.0,7.0,111.0,0.0,39122.0,0.19,1177.76,1692.0,11.0,224.0,0.0,,0.5,,1386.0,4.0,89.0,0.0,21825.0,0.11,1144.03,518.0,0,,,0,,,
408.0,11.0,115.0,0.0,,0.2,,3068.0,7.0,229.0,0.0,,0.5,,1257.0,9.0,89.0,0.0,55602.0,0.11,705.25,1844.0,0,,,0,,,
409.0,8.0,119.0,0.0,,0.2,,849.0,6.0,227.0,0.0,,0.5,,1650.0,6.0,92.0,0.0,52573.0,0.12,527.82,613.0,0,43969.0,86.0,0,64865.0,35.0,
410.0,5.0,117.0,0.0,,0.2,,988.0,5.0,220.0,0.0,101655.0,0.49,1810.21,646.0,10.0,99.0,0.0,23390.0,0.13,1269.92,2962.0,0,,,0,,,
411.0,7.0,117.0,0.0,40837.0,0.2,1167.22,1519.0,2.0,211.0,0.0,,0.48,,547.0,8.0,106.0,0.0,48935.0,0.14,473.73,802.0,0,44579.0,27.0,0,64865.0,99.0,
412.0,10.0,118.0,0.0,,0.21,,2638.0,11.0,217.0,0.0,,0.49,,3397.0,12.0,112.0,0.0,46424.0,0.14,327.98,2597.0,0,,,0,,,
413.0,7.0,123.0,0.0,,0.22,,2870.0,8.0,218.0,0.0,,0.49,,1999.0,9.0,121.0,0.0,45280.0,0.16,291.09,3149.0,0,45897.0,98.0,0,64865.0,100.0,
414.0,6.0,126.0,0.0,,0.23,,647.0,13.0,227.0,0.0,,0.5,,3259.0,6.0,124.0,0.0,,0.17,,1662.0,0,,,0,,,
415.0,11.0,129.0,0.0,,0.23,,2453.0,10.0,232.0,0.0,104958.0,0.51,1631.62,1577.0,15.0,135.0,0.0,44002.0,0.18,219.58,3487.0,0,46727.0,99.0,0,64865.0,42.0,
416.0,7.0,133.0,0.0,46227.0,0.23,1052.27,2037.0,5.0,226.0,0.0,,0.5,,1182.0,8.0,139.0,0.0,42010.0,0.19,138.29,2221.0,0,,,0,,,
417.0,11.0,132.0,0.0,,0.23,,2806.0,7.0,221.0,0.0,,0.49,,1844.0,4.0,136.0,0.0,42170.0,0.19,131.34,887.0,0,47309.0,100.0,0,64865.0,99.0,
418.0,10.0,136.0,0.0,,0.22,,1970.0,10.0,225.0,0.0,,0.5,,952.0,5.0,133.0,0.0,40827.0,0.2,84.13,1094.0,0,,,0,,,
419.0,7.0,134.0,0.0,,0.23,,1258.0,8.0,220.0,0.0,,0.49,,2468.0,9.0,128.0,0.0,39128.0,0.19,1228.59,2888.0,0,,,0,,,
420.0,12.0,143.0,0.0,,0.24,,2561.0,6.0,217.0,0.0,100359.0,0.49,1970.7,1260.0,4.0,129.0,0.0,40091.0,0.19,61.78,1207.0,0,47309.0,100.0,0,64865.0,99.0,
421.0,9.0,142.0,0.0,49188.0,0.24,1060.67,1848.0,3.0,206.0,0.0,,0.48,,807.0,8.0,134.0,0.0,40131.0,0.2,32.71,1476.0,0,,,0,,,
422.0,5.0,142.0,0.0,,0.24,,1964.0,9.0,211.0,0.0,,0.5,,3471.0,9.0,132.0,0.0,40171.0,0.2,31.87,1585.0,0,47565.0,81.0,0,64865.0,80.0,
423.0,11.0,149.0,0.0,,0.26,,3700.0,9.0,211.0,0.0,,0.5,,1825.0,8.0,1.0,0.0,40211.0,0.2,32.72,810.0,0,,,0,,,
424.0,4.0,149.0,0.0,,0.25,,1608.0,8.0,217.0,0.0,,0.51,,2479.0,5.0,134.0,0.0,,0.2,,1856.0,0,48333.0,57.0,0,64865.0,77.0,
425.0,6.0,140.0,0.0,,0.25,,1602.0,9.0,216.0,0.0,104500.0,0.45,1776.04,1428.0,9.0,139.0,0.0,40251.0,0.21,33.79,2292.0,0,,,0,,,
426.0,9.0,147.0,0.0,,0.26,,3025.0,4.0,203.0,0.0,,0.43,,1052.0,7.0,140.0,0.0,,0.21,,1873.0,0,48589.0,100.0,0,59867.0,68.0,
427.0,11.0,151.0,0.0,53682.0,0.27,1026.11,2998.0,13.0,198.0,0.0,88280.0,0.42,3453.81,1763.0,12.0,142.0,0.0,,0.21,,1520.0,0,,,0,,,
428.0,6.0,147.0,0.0,,0.26,,2285.0,5.0,185.0,0.0,,0.41,,660.0,7.0,143.0,0.0,43991.0,0.22,1236.56,1981.0,0,48717.0,100.0,0,37663.0,91.0,
429.0,8.0,140.0,0.0,,0.25,,1497.0,7.0,170.0,0.0,81995.0,0.38,4654.03,612.0,7.0,148.0,0.0,,0.23,,2094.0,0,,,0,,,
430.0,5.0,141.0,0.0,,0.25,,1138.0,5.0,151.0,0.0,71567.0,0.36,4689.44,599.0,5.0,139.0,0.0,,0.22,,1221.0,0,49247.0,100.0,0,37663.0,93.0,
431.0,13.0,150.0,0.0,,0.27,,5081.0,3.0,137.0,0.0,,0.34,,179.0,8.0,142.0,0.0,,0.21,,524.0,0,,,0,,,
432.0,10.0,155.0,0.0,,0.27,,2160.0,7.0,134.0,0.0,67686.0,0.34,3892.86,662.0,5.0,141.0,0.0,44138.0,0.22,1345.03,281.0,0,49503.0,100.0,0,37663.0,93.0,
433.0,6.0,155.0,0.0,54678.0,0.27,988.84,1602.0,10.0,124.0,0.0,65833.0,0.32,2825.95,3186.0,7.0,139.0,0.0,,0.22,,2141.0,0,,,0,,,
434.0,6.0,149.0,0.0,,0.27,,992.0,14.0,124.0,0.0,,0.32,,4376.0,7.0,139.0,0.0,,0.23,,1771.0,0,,,0,,,
435.0,14.0,162.0,0.0,,0.28,,1523.0,5.0,115.0,0.0,66341.0,0.3,2890.67,924.0,10.0,147.0,0.0,,0.23,,2282.0,0,49503.0,99.0,0,37663.0,93.0,
436.0,7.0,165.0,0.0,,0.28,,713.0,14.0,119.0,0.0,,0.3,,3318.0,8.0,150.0,0.0,47720.0,0.24,1406.14,3143.0,0,,,0,,,
437.0,4.0,157.0,0.0,56908.0,0.28,1531.98,1357.0,8.0,113.0,0.0,62965.0,0.29,3154.7,1398.0,4.0,144.0,0.0,,0.23,,486.0,0,49859.0,99.0,0,37663.0,92.0,
438.0,7.0,156.0,0.0,,0.28,,1400.0,11.0,110.0,0.0,56117.0,0.28,2982.57,2687.0,12.0,150.0,0.0,,0.24,,1150.0,0,,,0,,,
439.0,12.0,162.0,0.0,,0.28,,1616.0,7.0,104.0,0.0,,0.27,,891.0,12.0,160.0,0.0,,0.25,,1762.0,0,50165.0,65.0,0,37663.0,67.0,
440.0,8.0,164.0,0.0,,0.28,,1130.0,12.0,102.0,0.0,51239.0,0.25,2091.65,3318.0,8.0,161.0,0.0,,0.25,,1677.0,0,,,0,,,
441.0,7.0,165.0,0.0,,0.28,,1266.0,9.0,99.0,0.0,,0.24,,2070.0,6.0,157.0,0.0,50569.0,0.25,1190.75,1383.0,0,50531.0,98.0,0,37663.0,91.0,
442.0,4.0,158.0,0.0,56508.0,0.27,1346.78,359.0,10.0,102.0,0.0,50340.0,0.25,2758.73,2813.0,10.0,160.0,0.0,,0.26,,2419.0,0,,,0,,,
443.0,5.0,160.0,0.0,,0.28,,1692.0,9.0,86.0,0.0,42147.0,0.21,2694.63,2006.0,7.0,163.0,0.0,,0.26,,191.0,0,50787.0,99.0,0,37663.0,92.0,
444.0,7.0,158.0,0.0,,0.28,,1943.0,7.0,74.0,0.0,38173.0,0.19,2465.85,1045.0,5.0,154.0,0.0,,0.25,,617.0,0,,,0,,,
445.0,7.0,160.0,0.0,,0.29,,1548.0,21.0,81.0,0.0,,0.19,,2763.0,8.0,154.0,0.0,51018.0,0.25,1516.63,812.0,0,51043.0,98.0,0,37663.0,87.0,
446.0,9.0,165.0,0.0,61934.0,0.3,1449.45,1041.0,5.0,72.0,0.0,39251.0,0.18,2113.46,710.0,10.0,152.0,0.0,,0.24,,2122.0,0,,,0,,,
447.0,9.0,166.0,0.0,,0.3,,1863.0,9.0,72.0,0.0,34661.0,0.16,2786.13,1427.0,14.0,160.0,0.0,,0.25,,1545.0,0,51171.0,99.0,0,37663.0,92.0,
448.0,7.0,172.0,0.0,,0.31,,2089.0,7.0,62.0,0.0,33085.0,0.16,2608.59,1279.0,5.0,159.0,0.0,,0.25,,767.0,0,,,0,,,
449.0,5.0,170.0,0.0,,0.31,,2141.0,7.0,59.0,0.0,32557.0,0.15,2369.86,1169.0,10.0,165.0,0.0,50823.0,0.26,1715.84,3261.0,0,,,0,,,
450.0,15.0,177.0,0.0,,0.34,,4932.0,5.0,54.0,0.0,28060.0,0.14,2269.62,1508.0,7.0,162.0,0.0,,0.25,,540.0,0,51847.0,98.0,0,37663.0,88.0,
451.0,6.0,184.0,0.0,,0.34,,1104.0,12.0,56.0,0.0,28248.0,0.14,1789.74,3203.0,3.0,151.0,0.0,,0.24,,1201.0,0,,,0,,,
452.0,,184.0,0.0,68664.0,0.34,1229.3,,,43.0,0.0,25901.0,0.13,2286.84,,,146.0,0.0,49814.0,0.24,1770.13,,0,52707.0,100.0,0,37663.0,92.0,
453.0,,,,,,,,,31.0,0.0,23417.0,0.11,2215.53,,,,,,,,,0,,,0,,,
454.0,,143.0,0.0,61241.0,0.3,2277.34,,,26.0,0.0,23132.0,0.11,1454.72,,,,,,,,,0,52707.0,70.0,0,37663.0,54.0,
455.0,,,,,,,,,23.0,0.0,22367.0,0.11,1496.97,,,122.0,0.0,47049.0,0.23,2114.1,,0,,,0,,,
456.0,,,,,,,,,12.0,0.0,15821.0,0.08,848.42,,,,,,,,,0,52707.0,99.0,0,37663.0,92.0,
457.0,,118.0,0.0,54707.0,0.27,2018.4,,,10.0,0.0,15191.0,0.07,670.99,,,106.0,0.0,46122.0,0.23,1957.01,,0,,,0,,,
458.0,,,,,,,,,8.0,0.0,14115.0,0.07,663.13,,,,,,,,,0,52707.0,100.0,0,37663.0,89.0,
459.0,,106.0,0.0,53808.0,0.26,1897.77,,,6.0,0.0,12982.0,0.06,414.31,,,88.0,0.0,41637.0,0.2,1703.18,,0,,,0,,,
460.0,,,,,,,,,,,,,,,,,,,,,,0,52707.0,100.0,0,30061.0,23.0,
461.0,,,,,,,,,3.0,0.0,12397.0,0.06,226.47,,,71.0,0.0,37408.0,0.18,1485.7,,0,,,0,,,
462.0,,87.0,0.0,49240.0,0.24,1760.51,,,2.0,0.0,12008.0,0.06,135.38,,,,,,,,,0,52707.0,100.0,0,29727.0,87.0,
463.0,,77.0,0.0,45956.0,0.22,1681.52,,,2.0,0.0,12168.0,0.06,131.19,,,61.0,0.0,34130.0,0.17,1384.55,,0,,,0,,,
464.0,,,,,,,,,2.0,0.0,12248.0,0.06,148.3,,,,,,,,,0,,,0,,,
465.0,,64.0,0.0,42037.0,0.21,1424.8,,,2.0,0.0,12408.0,0.06,119.61,,,48.0,0.0,30681.0,0.15,1261.12,,0,52707.0,99.0,0,29727.0,88.0,
466.0,,,,,,,,,1.0,0.0,11448.0,0.06,104.13,,,,,,,,,0,,,0,,,
467.0,,51.0,0.0,37078.0,0.18,1271.94,,,1.0,0.0,11488.0,0.06,67.24,,,33.0,0.0,24557.0,0.12,931.8,,0,52707.0,99.0,0,29343.0,82.0,
468.0,,,,,,,,,1.0,0.0,11568.0,0.06,73.44,,,29.0,0.0,22765.0,0.11,811.18,,0,,,0,,,
469.0,,40.0,0.0,33388.0,0.16,1041.25,,,1.0,0.0,11648.0,0.06,68.59,,,,,,,,,0,52707.0,85.0,0,29343.0,67.0,
470.0,,,,,,,,,1.0,0.0,11688.0,0.06,58.96,,,21.0,0.0,18501.0,0.09,599.93,,0,,,0,,,
471.0,,36.0,0.0,30963.0,0.15,983.71,,,1.0,0.0,11768.0,0.06,58.42,,,15.0,0.0,14781.0,0.07,511.75,,0,52707.0,99.0,0,29343.0,55.0,
472.0,,25.0,0.0,26437.0,0.13,883.21,,,1.0,0.0,11848.0,0.06,66.14,,,,,,,,,0,,,0,,,
473.0,,23.0,0.0,28411.0,0.14,655.66,,,1.0,0.0,11888.0,0.06,73.6,,,14.0,0.0,14717.0,0.07,444.7,,0,52707.0,99.0,0,29343.0,68.0,
474.0,,,,,,,,,1.0,0.0,11968.0,0.06,73.36,,,11.0,0.0,13365.0,0.07,387.29,,0,,,0,,,
475.0,,19.0,0.0,26662.0,0.13,597.98,,,1.0,0.0,12008.0,0.06,66.53,,,9.0,0.0,12253.0,0.06,320.54,,0,52707.0,99.0,0,27763.0,87.0,
476.0,,16.0,0.0,24163.0,0.12,471.53,,,,,,,,,,,,,,,,0,,,0,,,
477.0,,,,,,,,,,,,,,,,7.0,0.0,11288.0,0.06,239.12,,0,52707.0,99.0,0,27167.0,0.0,
478.0,,14.0,0.0,23101.0,0.11,440.73,,,,,,,,,,7.0,0.0,11568.0,0.06,203.32,,0,,,0,,,
479.0,,11.0,0.0,19751.0,0.1,358.81,,,,,,,,,,4.0,0.0,9049.0,0.04,180.64,,0,,,0,,,
480.0,,8.0,0.0,18162.0,0.09,266.15,,,,,,,,,,3.0,0.0,8373.0,0.04,120.24,,0,52707.0,99.0,0,27165.0,0.0,1
481.0,,7.0,0.0,17467.0,0.09,281.67,,,,,,,,,,,,,,,,0,,,0,,,
482.0,,,,,,,,,,,,,,,,1.0,0.0,11072.0,0.05,45.38,,0,52067.0,100.0,0,43527.0,1.0,
483.0,,7.0,0.0,17747.0,0.09,223.67,,,,,,,,,,1.0,0.0,11112.0,0.05,34.54,,0,,,0,,,
484.0,,5.0,0.0,15743.0,0.08,170.71,,,,,,,,,,1.0,0.0,11152.0,0.05,34.64,,0,52067.0,78.0,0,43527.0,0.0,
485.0,,4.0,0.0,14731.0,0.07,147.34,,,,,,,,,,1.0,0.0,11192.0,0.05,34.05,,0,,,0,,,
486.0,,4.0,0.0,14891.0,0.07,127.38,,,,,,,,,,1.0,0.0,11232.0,0.05,33.32,,0,52067.0,71.0,0,43527.0,0.0,
487.0,,,,,,,,,,,,,,,,1.0,0.0,11272.0,0.06,33.68,,0,,,0,,,
488.0,,4.0,0.0,15051.0,0.07,134.64,,,,,,,,,,,,,,,,0,52067.0,99.0,0,43527.0,0.0,
489.0,,4.0,0.0,15211.0,0.07,131.11,,,,,,,,,,1.0,0.0,11312.0,0.06,33.54,,0,,,0,,,
490.0,,4.0,0.0,15371.0,0.08,136.3,,,,,,,,,,1.0,0.0,11352.0,0.06,34.04,,0,52067.0,99.0,0,43527.0,0.0,
491.0,,4.0,0.0,15531.0,0.08,131.43,,,,,,,,,,1.0,0.0,11392.0,0.06,34.45,,0,,,0,,,
492.0,,2.0,0.0,13262.0,0.06,99.72,,,,,,,,,,1.0,0.0,11432.0,0.06,35.78,,0,52067.0,99.0,0,43527.0,0.0,
493.0,,,,,,,,,,,,,,,,1.0,0.0,11472.0,0.06,34.24,,0,,,0,,,
494.0,,2.0,0.0,13422.0,0.07,128.22,,,,,,,,,,,,,,,,0,,,0,,,
495.0,,2.0,0.0,13582.0,0.07,122.7,,,,,,,,,,,,,,,,0,45795.0,90.0,0,43527.0,0.0,
496.0,,2.0,0.0,13662.0,0.07,141.39,,,,,,,,,,,,,,,,0,,,0,,,
497.0,,1.0,0.0,11956.0,0.06,72.97,,,,,,,,,,,,,,,,0,28679.0,87.0,0,43527.0,0.0,
498.0,,,,,,,,,,,,,,,,,,,,,,0,,,0,,,
499.0,,,,,,,,,,,,,,,,,,,,,,,20999.0,0.0,,43527.0,0.0,
